,keyword,count
0,hair,3203
1,dryer,2479
2,time,540
3,product,469
4,blow,448
5,years,405
6,Dyson,390
7,hairdryer,370
8,dryers,338
9,Elchim,327
10,t,324
11,heat,313
12,price,290
13,Stars,278
14,money,256
15,air,246
16,Great,231
17,power,227
18,cord,220
19,months,209
20,wife,188
21,Best,185
22,quality,167
23,way,150
24,minutes,149
25,year,146
26,Dryer,140
27,lot,134
28,dries,131
29,use,129
30,Hair,125
31,thing,118
32,setting,112
33,attachments,111
34,day,111
35,button,110
36,settings,109
37,weight,108
38,difference,103
39,salon,101
40,one,99
41,Amazon,98
42,frizz,95
43,bit,94
44,reviews,90
45,blowdryer,87
46,week,87
47,speed,85
48,Dries,85
49,purchase,83
50,products,83
51,box,80
52,i,79
53,My,79
54,gift,78
55,something,78
56,drying,78
57,stylist,77
58,diffuser,77
59,design,74
60,style,73
61,s,71
62,times,70
63,work,70
64,brand,70
65,warranty,69
66,job,67
67,love,67
68,cost,65
69,end,65
70,motor,63
71,travel,62
72,half,62
73,item,62
74,temperature,61
75,penny,61
76,problem,59
77,handle,59
78,hairdresser,56
79,weeks,55
80,NOT,54
81,iron,54
82,daughter,54
83,life,52
84,others,52
85,Christmas,51
86,model,50
87,mine,49
88,people,49
89,fan,49
90,home,49
91,ones,49
92,blower,48
93,cool,47
94,Awesome,47
95,buttons,47
96,hand,46
97,dry,46
98,noise,45
99,friend,45
100,switch,45
101,market,44
102,shot,44
103,nothing,43
104,customer,42
105,service,42
106,investment,42
107,days,42
108,month,42
109,dyson,42
110,Love,42
111,amount,41
112,results,41
113,volume,41
114,morning,41
115,plug,40
116,filter,40
117,company,40
118,anything,40
119,issue,40
120,Don,39
121,Product,39
122,hairdryers,39
123,brush,39
124,feels,39
125,nozzle,39
126,look,38
127,stars,38
128,Wife,38
129,side,38
130,seller,37
131,color,37
132,T,37
133,reason,37
134,drier,37
135,couple,36
136,case,36
137,fast,36
138,Bought,36
139,attachment,36
140,fact,35
141,feel,35
142,thick,35
143,replacement,34
144,Fast,34
145,version,34
146,damage,33
147,piece,33
148,Excellent,33
149,Star,33
150,things,32
151,problems,32
152,return,32
153,unit,32
154,Supersonic,31
155,point,31
156,issues,31
157,flow,31
158,someone,31
159,length,31
160,waste,30
161,medium,30
162,vacuum,30
163,shipping,30
164,doesn,29
165,review,29
166,Super,29
167,Conair,29
168,part,28
169,today,28
170,machine,28
171,deal,28
172,store,28
173,head,28
174,kind,28
175,hairstylist,28
176,Works,28
177,control,28
178,result,28
179,Blow,28
180,everything,27
181,sister,27
182,THIS,27
183,Powerful,27
184,BEST,27
185,didn,26
186,packaging,26
187,curls,26
188,round,26
189,Amazing,26
190,frizzy,26
191,models,26
192,buy,25
193,husband,25
194,sound,25
195,while,25
196,heating,25
197,speeds,25
198,isn,24
199,level,24
200,friends,24
201,counter,24
202,Con,24
203,pressure,24
204,device,23
205,amazon,23
206,tool,23
207,anyone,23
208,need,23
209,Nice,23
210,elchim,23
211,intake,22
212,bathroom,22
213,smooth,22
214,airflow,22
215,controls,22
216,dyer,21
217,size,21
218,options,21
219,experience,21
220,top,21
221,mins,21
222,LOVE,21
223,ton,21
224,THE,21
225,Broke,21
226,Do,21
227,opinion,20
228,place,20
229,Had,20
230,manufacturer,20
231,plastic,19
232,number,19
233,tag,19
234,uses,19
235,brands,19
236,scalp,19
237,everyone,19
238,idea,19
239,mom,19
240,quieter,19
241,Hairdryer,19
242,DRYER,19
243,videos,18
244,bottom,18
245,straw,18
246,order,18
247,hype,18
248,feature,18
249,Quality,18
250,Cuts,18
251,lots,18
252,A,18
253,Lightweight,18
254,element,18
255,type,17
256,First,17
257,worth,17
258,Revlon,17
259,reviewers,17
260,wind,17
261,dollars,17
262,Price,17
263,shine,17
264,star,17
265,recommend,17
266,care,17
267,Thank,17
268,concentrator,17
269,daughters,17
270,stylists,17
271,hours,17
272,value,17
273,Professional,17
274,blowout,16
275,Drys,16
276,sections,16
277,quicker,16
278,hands,16
279,course,16
280,IT,16
281,texture,16
282,pricey,16
283,Heavy,16
284,hour,16
285,fine,16
286,dollar,16
287,expectations,16
288,dryer..,16
289,past,16
290,grade,16
291,refund,15
292,styling,15
293,matter,15
294,condition,15
295,yesterday,15
296,Pros,15
297,girlfriend,15
298,performance,15
299,lightweight,15
300,beauty,15
301,changer,15
302,light,15
303,output,15
304,repair,15
305,sense,15
306,routine,15
307,line,14
308,process,14
309,Nothing,14
310,faster,14
311,back,14
312,cuts,14
313,duty,14
314,option,14
315,Didn,14
316,breeze,14
317,technology,14
318,Very,14
319,baby,14
320,EVER,14
321,Wow,14
322,card,14
323,Perfect,14
324,Good,14
325,user,14
326,instructions,14
327,Highly,14
328,switches,14
329,Cons,13
330,world,13
331,chance,13
332,try,13
333,brick,13
334,dresser,13
335,silky,13
336,DO,13
337,smell,13
338,fire,13
339,choice,13
340,Hot,13
341,ends,13
342,Chi,13
343,humidity,13
344,check,13
345,gym,13
346,Buy,13
347,drugstore,13
348,Poor,13
349,house,12
350,Babyliss,12
351,USA,12
352,voltage,12
353,arm,12
354,Stopped,12
355,loss,12
356,body,12
357,person,12
358,middle,12
359,complaints,12
360,space,12
361,loop,12
362,minute,12
363,birthday,12
364,wonders,12
365,mother,12
366,Pro,12
367,saver,12
368,Sephora,12
369,it..,12
370,guy,12
371,miracle,12
372,blowdryers,12
373,pink,12
374,Italy,12
375,spark,12
376,information,11
377,research,11
378,engineering,11
379,drawer,11
380,wire,11
381,name,11
382,etc,11
383,function,11
384,placement,11
385,seconds,11
386,area,11
387,night,11
388,ion,11
389,game,11
390,Makes,11
391,YOUR,11
392,plus,11
393,bulky,11
394,cheap,11
395,April,11
396,min,11
397,Easy,11
398,kids,11
399,straightener,11
400,don,11
401,clients,11
402,Quiet,11
403,effort,11
404,none,11
405,Waste,11
406,Power,11
407,frizzies,11
408,rest,11
409,test,11
410,conair,11
411,tons,11
412,finger,11
413,flaw,11
414,August,11
415,temperatures,11
416,Air,10
417,balance,10
418,arms,10
419,reasons,10
420,Got,10
421,improvement,10
422,girls,10
423,HOT,10
424,shoulder,10
425,wall,10
426,Doesn,10
427,present,10
428,run,10
429,shiny,10
430,works,10
431,site,10
432,parts,10
433,tools,10
434,thanks,10
435,solution,10
436,Did,10
437,drys,10
438,fee,10
439,position,10
440,policy,10
441,US,9
442,hook,9
443,shape,9
444,ease,9
445,fake,9
446,Cord,9
447,faulty,9
448,feeling,9
449,accessories,9
450,stand,9
451,hot,9
452,plenty,9
453,coarse,9
454,Quick,9
455,sooner,9
456,effect,9
457,Bad,9
458,factor,9
459,Has,9
460,Please,9
461,website,9
462,shampoo,9
463,buying,9
464,compliments,9
465,conditioner,9
466,flyaways,9
467,state,9
468,Was,9
469,HAIRDRYER,9
470,hers,9
471,hotel,9
472,Tools,9
473,October,9
474,May,8
475,think,8
476,appliance,8
477,thought,8
478,guarantee,8
479,force,8
480,benefits,8
481,cause,8
482,turn,8
483,Fantastic,8
484,window,8
485,SO,8
486,trigger,8
487,watts,8
488,junk,8
489,bag,8
490,Europe,8
491,concern,8
492,garbage,8
493,hairdryer..,8
494,Target,8
495,locks,8
496,ability,8
497,EVERY,8
498,AMAZING,8
499,room,8
500,Game,8
501,law,8
502,record,8
503,purchases,8
504,mat,8
505,Money,8
506,pitch,8
507,tangles,8
508,Pricey,8
509,prices,8
510,bucks,8
511,period,8
512,TO,8
513,functions,8
514,y,8
515,Less,8
516,wouldn,8
517,mechanism,8
518,wires,8
519,easy,8
520,Thanks,8
521,reviewer,8
522,stores,8
523,Rusk,8
524,bouncy,8
525,sparks,8
526,ELCHIM,8
527,online,8
528,e,8
529,Need,8
530,drug,8
531,kinds,8
532,delivery,8
533,Salon,8
534,China,8
535,AU,8
536,Stop,7
537,Just,7
538,mistake,7
539,support,7
540,words,7
541,questions,7
542,places,7
543,account,7
544,quiet,7
545,cons,7
546,get,7
547,average,7
548,cooler,7
549,protector,7
550,client,7
551,range,7
552,favorite,7
553,protection,7
554,upgrade,7
555,V,7
556,converter,7
557,reading,7
558,GREAT,7
559,Florida,7
560,future,7
561,favor,7
562,family,7
563,spot,7
564,February,7
565,Dryers,7
566,vent,7
567,BUT,7
568,features,7
569,Must,7
570,addition,7
571,girl,7
572,decade,7
573,MONEY,7
574,base,7
575,pain,7
576,types,7
577,comparison,7
578,expense,7
579,quick,7
580,Gets,7
581,Ok,7
582,styles,7
583,business,7
584,Someone,7
585,fingers,7
586,burning,7
587,OK,7
588,hundreds,7
589,crap,7
590,list,7
591,..,7
592,HAIR,7
593,grip,7
594,household,7
595,BEWARE,7
596,worker,7
597,BLOW,7
598,center,7
599,temp,7
600,blowouts,7
601,High,7
602,hotter,7
603,HP,7
604,sale,7
605,niece,7
606,Heat,7
607,owner,6
608,vacuums,6
609,NO,6
610,Make,6
611,post,6
612,video,6
613,con,6
614,decision,6
615,disappointment,6
616,ears,6
617,occasions,6
618,cover,6
619,hair..,6
620,conversation,6
621,hanger,6
622,notch,6
623,r,6
624,right,6
625,summer,6
626,believer,6
627,items,6
628,thickness,6
629,vacation,6
630,climate,6
631,crazy,6
632,QVC,6
633,t.,6
634,humid,6
635,moisture,6
636,PRODUCT,6
637,wait,6
638,PENNY,6
639,storage,6
640,chord,6
641,ON,6
642,hero,6
643,Way,6
644,Gift,6
645,driers,6
646,Always,6
647,lighter,6
648,Dried,6
649,durability,6
650,winter,6
651,son,6
652,S,6
653,dust,6
654,country,6
655,tech,6
656,yrs,6
657,WOW,6
658,points,6
659,Greatest,6
660,help,6
661,safety,6
662,fraction,6
663,rate,6
664,breaks,6
665,forever,6
666,REALLY,6
667,screw,6
668,credit,6
669,velocity,6
670,form,6
671,Sedu,6
672,Revolution,6
673,manufacturing,6
674,Pressure,6
675,YouTube,6
676,CHI,6
677,USED,6
678,Walmart,6
679,Es,6
680,hp,6
681,Needless,6
682,chi,6
683,cheapo,6
684,workout,6
685,Lasts,6
686,perfection,6
687,workhorse,6
688,ve,6
689,blowing,6
690,layer,6
691,blah,6
692,paper,5
693,Life,5
694,MUCH,5
695,White,5
696,defuser,5
697,WAY,5
698,sure,5
699,w,5
700,describe,5
701,shop,5
702,surprise,5
703,spending,5
704,hearing,5
705,stick,5
706,basis,5
707,lol,5
708,woman,5
709,cent,5
710,pay,5
711,wasn,5
712,note,5
713,experiences,5
714,customers,5
715,engineers,5
716,treatment,5
717,self,5
718,tape,5
719,Everything,5
720,fun,5
721,beautiful,5
722,YOU,5
723,irons,5
724,fear,5
725,sides,5
726,Superb,5
727,connection,5
728,Haven,5
729,smoother,5
730,comment,5
731,Too,5
732,splurge,5
733,mid,5
734,gem,5
735,pieces,5
736,Does,5
737,Quite,5
738,Girlfriend,5
739,WAS,5
740,pricy,5
741,combination,5
742,heavy,5
743,bunch,5
744,com,5
745,ways,5
746,beginning,5
747,hole,5
748,one..,5
749,cleaners,5
750,maintenance,5
751,comb,5
752,blast,5
753,watt,5
754,block,5
755,Comes,5
756,fly,5
757,Today,5
758,tourmaline,5
759,label,5
760,Update,5
761,guest,5
762,broke,5
763,receipt,5
764,trouble,5
765,terms,5
766,nozzles,5
767,Customer,5
768,beware,5
769,roots,5
770,grail,5
771,professionals,5
772,dozen,5
773,tail,5
774,AT,5
775,complaint,5
776,Ion,5
777,Im,5
778,beat,5
779,fry,5
780,recommendation,5
781,Seller,5
782,blowers,5
783,awesome,5
784,tax,5
785,change,5
786,boy,5
787,temps,5
788,wave,5
789,wavy,5
790,Solano,5
791,W,5
792,bounce,5
793,toggle,5
794,lead,5
795,Holy,5
796,cold,5
797,colors,5
798,levels,5
799,rd,5
800,exchange,5
801,softness,5
802,Value,5
803,nicer,5
804,Beauty,5
805,Ugh,5
806,che,5
807,les,5
808,picture,4
809,th,4
810,cut,4
811,exception,4
812,L,4
813,purpose,4
814,brushes,4
815,money..,4
816,pros,4
817,cable,4
818,plugs,4
819,knock,4
820,S.,4
821,Ferrari,4
822,health,4
823,wrist,4
824,Things,4
825,transformer,4
826,joke,4
827,palm,4
828,wrap,4
829,WITH,4
830,cleaner,4
831,shoulders,4
832,term,4
833,Came,4
834,fuse,4
835,inches,4
836,non,4
837,accessory,4
838,touch,4
839,LED,4
840,friz,4
841,dream,4
842,sticker,4
843,detail,4
844,answer,4
845,man,4
846,extensions,4
847,prone,4
848,afterwards,4
849,mini,4
850,simplicity,4
851,None,4
852,stay,4
853,Totally,4
854,suitcase,4
855,magic,4
856,cute,4
857,share,4
858,burn,4
859,wow,4
860,lack,4
861,strength,4
862,excellent,4
863,thicker,4
864,LOL,4
865,dog,4
866,hold,4
867,que,4
868,Excelente,4
869,Terrific,4
870,curl,4
871,savings,4
872,Dry,4
873,amazing,4
874,units,4
875,matters,4
876,Smooth,4
877,ALWAYS,4
878,Took,4
879,super,4
880,Takes,4
881,finish,4
882,Beautiful,4
883,fuller,4
884,le,4
885,pleasure,4
886,TOO,4
887,Ulta,4
888,location,4
889,horse,4
890,production,4
891,burnt,4
892,skin,4
893,People,4
894,advantage,4
895,Muy,4
896,lightness,4
897,combinations,4
898,Get,4
899,sorry,4
900,forth,4
901,info,4
902,cosmetologist,4
903,Ease,4
904,wise,4
905,DIFFUSER,4
906,WITHOUT,4
907,off,4
908,discount,4
909,blonde,4
910,date,4
911,thumb,4
912,hazard,4
913,Lots,4
914,means,4
915,TIME,4
916,go,4
917,trash,4
918,heater,4
919,factory,4
920,wet,4
921,Looks,4
922,amounts,4
923,magnets,4
924,face,4
925,for..,4
926,bath,4
927,outside,4
928,heaver,4
929,Warranty,4
930,Ionic,4
931,backup,4
932,delivers,4
933,cash,4
934,invention,4
935,consumer,4
936,layers,4
937,ghd,4
938,smoothness,4
939,vs,4
940,myself,4
941,Dont,4
942,prongs,4
943,outlet,4
944,traveling,4
945,Simple,4
946,move,4
947,mode,4
948,UPS,4
949,lint,4
950,marketing,4
951,package,4
952,Parlux,4
953,Support,4
954,metal,4
955,mention,4
956,haircut,4
957,bother,4
958,Mine,4
959,glass,4
960,Repair,4
961,Josh,4
962,d,4
963,ce,4
964,je,4
965,avec,4
966,j,4
967,knockoff,4
968,March,4
969,OK.,4
970,flamethrower,4
971,FAST,4
972,book,4
973,let,4
974,smoking,4
975,breaking,4
976,PROFESSIONAL,4
977,frizzes,4
978,affair,4
979,HAD,4
980,warm,4
981,Hairstylist,4
982,FHI,4
983,Nano,4
984,whistle,4
985,Lamborghini,4
986,MY,4
987,dealer,4
988,returns,4
989,Chat,4
990,Ever,4
991,Oh,4
992,cap,4
993,pharmacy,4
994,bar,4
995,Iv,4
996,conditions,4
997,July,4
998,Favorite,4
999,Guest,4
1000,Bathroom,4
1001,Straightens,4
1002,Efficient,4
1003,Been,4
1004,blows,4
1005,brownie,4
1006,makeup,4
1007,potencia,4
1008,annoyance,4
1009,Blows,4
1010,sleeker,4
1011,doesnt,4
1012,BUYER,4
1013,Investment,4
1014,.I,4
1015,Elohim,4
1016,Tourmaline,4
1017,recomiendo,4
1018,para,4
1019,realize,4
1020,LEAST,4
1021,housing,4
1022,DISGUSTING,4
1023,supply,4
1024,risk,4
1025,t..,4
1026,websites,4
1027,lasts..,4
1028,purchasing,4
1029,over,4
1030,BLOWER,4
1031,Rating,4
1032,dryer.I,4
1033,inner,4
1034,pony,4
1035,flames,4
1036,AWESOME,4
1037,services,4
1038,Watts,4
1039,Elchin,4
1040,ONE,4
1041,fluff,4
1042,DOWN,4
1043,HOLDING,4
1044,BUTTON,4
1045,Beware,4
1046,parents,4
1047,VERY,4
1048,trips,4
1049,sent,4
1050,cuz,4
1051,Revlons,4
1052,photo,4
1053,DOLLARS,4
1054,out,4
1055,So..,4
1056,ALL,4
1057,DYSON,3
1058,Hairdyer,3
1059,practice,3
1060,December,3
1061,bits,3
1062,span,3
1063,qualities,3
1064,swears,3
1065,error,3
1066,records,3
1067,sight,3
1068,compares,3
1069,distribution,3
1070,magnet,3
1071,noises,3
1072,hairdresser..,3
1073,dismay,3
1074,TV,3
1075,holder,3
1076,Attachments,3
1077,Strength,3
1078,slip,3
1079,pad,3
1080,drill,3
1081,news,3
1082,exposure,3
1083,curve,3
1084,Dysons,3
1085,manuals,3
1086,source,3
1087,joy,3
1088,regret,3
1089,hate,3
1090,portability,3
1091,counterfeit,3
1092,OF,3
1093,Hence,3
1094,highlights,3
1095,buyer,3
1096,coupon,3
1097,luggage,3
1098,indicators,3
1099,cabinet,3
1100,bang,3
1101,buck,3
1102,Featherweight,3
1103,shock,3
1104,development,3
1105,question,3
1106,station,3
1107,NOW,3
1108,taste,3
1109,notes,3
1110,weather,3
1111,softer,3
1112,sis,3
1113,winner,3
1114,eye,3
1115,occasion,3
1116,hasn,3
1117,travels,3
1118,truly,3
1119,awkward,3
1120,shower,3
1121,sweat,3
1122,reference,3
1123,spray,3
1124,loud,3
1125,Changer,3
1126,hit,3
1127,Drying,3
1128,Cool,3
1129,screen,3
1130,women,3
1131,Silky,3
1132,OMG,3
1133,So,3
1134,jet,3
1135,engine,3
1136,breaker,3
1137,diffuse,3
1138,filters,3
1139,sort,3
1140,figure,3
1141,alot,3
1142,well,3
1143,leaf,3
1144,noisy,3
1145,about,3
1146,junky,3
1147,ive,3
1148,challenge,3
1149,Blowdryer,3
1150,Lo,3
1151,mejor,3
1152,variety,3
1153,tight,3
1154,clothes,3
1155,silk,3
1156,generation,3
1157,stays,3
1158,tops,3
1159,and..,3
1160,twin,3
1161,turbo,3
1162,RV,3
1163,POWERFUL,3
1164,flash,3
1165,Long,3
1166,gifts,3
1167,Time,3
1168,IS,3
1169,claims,3
1170,equipment,3
1171,Me,3
1172,Glad,3
1173,Perfection,3
1174,Wonderful,3
1175,Speed,3
1176,Sooo,3
1177,Strong,3
1178,Simply,3
1179,carry,3
1180,luxury,3
1181,Everyone,3
1182,Made,3
1183,Sleek,3
1184,Met,3
1185,fit,3
1186,Gave,3
1187,Cut,3
1188,X,3
1189,smells,3
1190,l,3
1191,BUY,3
1192,inconveniences,3
1193,indicator,3
1194,lights,3
1195,louder,3
1196,GFCI,3
1197,chicken,3
1198,feedback,3
1199,scent,3
1200,rating,3
1201,buzzing,3
1202,buen,3
1203,Handle,3
1204,carpet,3
1205,Are,3
1206,B,3
1207,Ceramic,3
1208,sellers,3
1209,bouncier,3
1210,promise,3
1211,fan..,3
1212,User,3
1213,require,3
1214,FAR,3
1215,ANY,3
1216,ringing,3
1217,TWO,3
1218,Mother,3
1219,Day,3
1220,meetings,3
1221,lo,3
1222,day..,3
1223,Motor,3
1224,cleaning,3
1225,fall,3
1226,focus,3
1227,floor,3
1228,volumes,3
1229,win,3
1230,standard,3
1231,wand,3
1232,selection,3
1233,oil,3
1234,underneath,3
1235,down,3
1236,walk,3
1237,closet,3
1238,orange,3
1239,ionic,3
1240,salons,3
1241,frizziness,3
1242,mind,3
1243,department,3
1244,computer,3
1245,bf,3
1246,fancy,3
1247,Won,3
1248,UK,3
1249,adapter,3
1250,U.,3
1251,LOT,3
1252,barbers,3
1253,Dream,3
1254,WORKING,3
1255,vanity,3
1256,Ive,3
1257,media,3
1258,bladeless,3
1259,hopes,3
1260,IN,3
1261,DIFFERENCE,3
1262,DON,3
1263,downside,3
1264,bed,3
1265,Recommend,3
1266,sisters,3
1267,ok,3
1268,Top,3
1269,ABSOLUTELY,3
1270,areas,3
1271,companies,3
1272,thats,3
1273,hairs,3
1274,appointment,3
1275,dyers,3
1276,ions,3
1277,benefit,3
1278,IMO,3
1279,kinda,3
1280,pixie,3
1281,alone,3
1282,Seems,3
1283,healthier,3
1284,industry,3
1285,though,3
1286,DID,3
1287,category,3
1288,decades,3
1289,silent,3
1290,Temperature,3
1291,Medium,3
1292,BLOWS,3
1293,Curls,3
1294,holiday,3
1295,dots,3
1296,was..,3
1297,states,3
1298,building,3
1299,reputation,3
1300,Whisper,3
1301,Lite,3
1302,instruction,3
1303,Hope,3
1304,scheme,3
1305,ages,3
1306,hubby,3
1307,Hubby,3
1308,conclusion,3
1309,slide,3
1310,ish,3
1311,band,3
1312,purposes,3
1313,trick,3
1314,professional,3
1315,Diffuser,3
1316,front,3
1317,Ions,3
1318,Wow..,3
1319,choices,3
1320,needs,3
1321,direction,3
1322,action,3
1323,PROS,3
1324,presentation,3
1325,barrel,3
1326,C,3
1327,address,3
1328,ad,3
1329,message,3
1330,Level,3
1331,neck,3
1332,s.,3
1333,approx,3
1334,phone,3
1335,coworker,3
1336,fence,3
1337,title,3
1338,school,3
1339,majority,3
1340,butts,3
1341,Disappointing,3
1342,Faster,3
1343,rear,3
1344,hope,3
1345,pound,3
1346,Harry,3
1347,tunnel,3
1348,tangle,3
1349,stock,3
1350,bargain,3
1351,outs,3
1352,gimmicks,3
1353,gimmick,3
1354,tester,3
1355,cheveux,3
1356,comme,3
1357,mis,3
1358,sans,3
1359,mon,3
1360,mes,3
1361,Worst,2
1362,cheaply,2
1363,emails,2
1364,runaround,2
1365,copy,2
1366,Miracle,2
1367,pun,2
1368,pic,2
1369,sweaty,2
1370,invoice,2
1371,distance,2
1372,bulk,2
1373,master,2
1374,comments,2
1375,request,2
1376,crown,2
1377,Shop,2
1378,warning,2
1379,buyers,2
1380,Silver,2
1381,dislikes,2
1382,bathrooms,2
1383,warehouse,2
1384,chainsaw,2
1385,accident,2
1386,dentist,2
1387,energy,2
1388,locations,2
1389,tad,2
1390,Be,2
1391,bowl,2
1392,biggie,2
1393,Beyond,2
1394,NEVER,2
1395,heaven,2
1396,COURSE,2
1397,Again,2
1398,ticket,2
1399,folks,2
1400,pictures,2
1401,Men,2
1402,electricity,2
1403,wattage,2
1404,lbs,2
1405,flaws,2
1406,countries,2
1407,nuisance,2
1408,attention,2
1409,convenience,2
1410,Bulky,2
1411,Cost,2
1412,T.,2
1413,Panasonic,2
1414,guys,2
1415,creation,2
1416,Company,2
1417,James,2
1418,understand,2
1419,Piece,2
1420,operation,2
1421,Tangles,2
1422,wash,2
1423,junkie,2
1424,purse,2
1425,waves,2
1426,shinier,2
1427,devacut,2
1428,Saves,2
1429,Present,2
1430,presents,2
1431,SUPER,2
1432,pop,2
1433,extension,2
1434,wig,2
1435,tip,2
1436,Definite,2
1437,bedroom,2
1438,spend,2
1439,THINK,2
1440,Item,2
1441,push,2
1442,WASTE,2
1443,spent,2
1444,heard,2
1445,stream,2
1446,Xmas,2
1447,aways,2
1448,battery,2
1449,positives,2
1450,bc,2
1451,Think,2
1452,beast,2
1453,annoying,2
1454,universe,2
1455,Sent,2
1456,member,2
1457,material,2
1458,appliances,2
1459,Monday,2
1460,description,2
1461,chore,2
1462,bday,2
1463,happy..,2
1464,Hopefully,2
1465,Compact,2
1466,class,2
1467,good,2
1468,Extensions,2
1469,DOES,2
1470,BY,2
1471,cordless,2
1472,curling,2
1473,Sonic,2
1474,cloth,2
1475,en,2
1476,gusta,2
1477,pelo,2
1478,la,2
1479,U,2
1480,Results,2
1481,stuff,2
1482,premium,2
1483,bank,2
1484,loan,2
1485,Style,2
1486,Counterfeit,2
1487,EXPENSIVE,2
1488,hairdrier,2
1489,Small,2
1490,elements,2
1491,pack,2
1492,supersonic,2
1493,designer,2
1494,Cura,2
1495,obsession,2
1496,skill,2
1497,access,2
1498,par,2
1499,second,2
1500,safer,2
1501,explanation,2
1502,ma,2
1503,excuses,2
1504,in..,2
1505,straight,2
1506,serum,2
1507,that..,2
1508,excelent,2
1509,Volume,2
1510,BaByliss,2
1511,competition,2
1512,representative,2
1513,Unique,2
1514,directions,2
1515,STRAIGHTNER,2
1516,Curly,2
1517,definition,2
1518,clue,2
1519,ear,2
1520,senses,2
1521,fix,2
1522,chat,2
1523,rip,2
1524,mirror,2
1525,fatigue,2
1526,rusk,2
1527,pics,2
1528,protectant,2
1529,FRIZZ,2
1530,dry..,2
1531,plunge,2
1532,recourse,2
1533,smoothing,2
1534,butt,2
1535,regard,2
1536,concentrators,2
1537,carrier,2
1538,security,2
1539,featherweight,2
1540,clean,2
1541,steal,2
1542,maid,2
1543,garage,2
1544,team,2
1545,Shine,2
1546,cream,2
1547,roll,2
1548,Pretty,2
1549,God,2
1550,whisper,2
1551,Bald,2
1552,heart,2
1553,MORE,2
1554,IF,2
1555,me..,2
1556,marvel,2
1557,car,2
1558,leaves,2
1559,capability,2
1560,France,2
1561,Son,2
1562,Vacuum,2
1563,pretty,2
1564,Cation,2
1565,art,2
1566,details,2
1567,rope,2
1568,charity,2
1569,Know,2
1570,Suck,2
1571,preference,2
1572,mos,2
1573,lady,2
1574,story,2
1575,absence,2
1576,notice,2
1577,Hard,2
1578,press,2
1579,advance,2
1580,foot,2
1581,bonus,2
1582,refurb,2
1583,changes,2
1584,perfect,2
1585,ergonomics,2
1586,leave,2
1587,cycle,2
1588,hell,2
1589,adjustment,2
1590,hint,2
1591,failure,2
1592,hanging,2
1593,spots,2
1594,Bed,2
1595,response,2
1596,Centrix,2
1597,Q,2
1598,clunky,2
1599,Sorry,2
1600,quarter,2
1601,PS,2
1602,blinking,2
1603,passage,2
1604,league,2
1605,x,2
1606,chip,2
1607,living,2
1608,paint,2
1609,PC,2
1610,LEDs,2
1611,straightening,2
1612,giver,2
1613,frequency,2
1614,Same,2
1615,breakage,2
1616,hurricane,2
1617,rubber,2
1618,doo,2
1619,dad,2
1620,Talk,2
1621,cheapskate,2
1622,rubbery,2
1623,newer,2
1624,HEAVY,2
1625,earplugs,2
1626,omg,2
1627,beef,2
1628,index,2
1629,shaft..,2
1630,bleeding,2
1631,consultation,2
1632,disaster,2
1633,commercials,2
1634,PACEMAKER,2
1635,OR,2
1636,misfortune,2
1637,CONTAINS,2
1638,CANCER,2
1639,CHEMICALS,2
1640,Je,2
1641,suis,2
1642,eu,2
1643,au,2
1644,re,2
1645,devant,2
1646,n,2
1647,du,2
1648,J,2
1649,ai,2
1650,lisse,2
1651,aurais,2
1652,bien,2
1653,juste,2
1654,tries,2
1655,Watt,2
1656,happiness,2
1657,January,2
1658,point..,2
1659,malfunctions,2
1660,volicity,2
1661,FL,2
1662,thin,2
1663,leap,2
1664,august,2
1665,lasts,2
1666,oils,2
1667,sexy,2
1668,LOOKING,2
1669,ISN,2
1670,wherever,2
1671,LUCKY,2
1672,returning,2
1673,catcher,2
1674,Warm,2
1675,Btw,2
1676,saloon,2
1677,American,2
1678,Impressive,2
1679,Rudimentary,2
1680,Functions,2
1681,Opinion,2
1682,Sally,2
1683,Cadillac,2
1684,Corolla,2
1685,Plug,2
1686,idea..,2
1687,frizzing,2
1688,masks,2
1689,Replaced,2
1690,Simplicity,2
1691,Directional,2
1692,stylist..,2
1693,Soooooo,2
1694,Single,2
1695,reimbursement,2
1696,Tool,2
1697,OMG..,2
1698,bob,2
1699,praise,2
1700,Frizz,2
1701,word,2
1702,sites,2
1703,speedy,2
1704,mess,2
1705,premature,2
1706,Likes,2
1707,Gentlemen,2
1708,idea..Anyway..,2
1709,forget,2
1710,squeezes,2
1711,ill,2
1712,home..,2
1713,pick,2
1714,sounds,2
1715,flimsy,2
1716,youtube,2
1717,HG,2
1718,coils,2
1719,boyfriend,2
1720,steals,2
1721,lurch,2
1722,reduces,2
1723,times.the,2
1724,help.ask,2
1725,compnay,2
1726,service.do,2
1727,Account,2
1728,Cooler,2
1729,weeks..,2
1730,aspects,2
1731,trade,2
1732,adult,2
1733,regrets,2
1734,Quit,2
1735,find,2
1736,Saw,2
1737,styIist,2
1738,supplier,2
1739,settingshas,2
1740,settingsblows,2
1741,DIL,2
1742,herbirthday,2
1743,blue,2
1744,descript,2
1745,guests,2
1746,AS,2
1747,variables,2
1748,Italy..,2
1749,Enjoy,2
1750,reminds,2
1751,Wendy,2
1752,high,2
1753,inconvenience,2
1754,holy,2
1755,finer,2
1756,SMART,2
1757,INVESTMENT,2
1758,LA,2
1759,power.Speeds,2
1760,teens,2
1761,deduct,2
1762,tendency,2
1763,Houston,2
1764,thisdryer,2
1765,I..,2
1766,Elhim,2
1767,toy,2
1768,Guys,2
1769,FEMALE,2
1770,STOPPED,2
1771,USD,2
1772,thanAir,2
1773,volumn,2
1774,Fantastico,2
1775,legacy,2
1776,folding,2
1777,Blowing,2
1778,shes,2
1779,hear,2
1780,price..,2
1781,warrantee,2
1782,ness,2
1783,Gret,2
1784,Winner,2
1785,satisfecho,2
1786,como,2
1787,quedan,2
1788,Quede,2
1789,sorprendido,2
1790,por,2
1791,su,2
1792,ligereza,2
1793,strength..,2
1794,Flow,2
1795,Loud,2
1796,Compared,2
1797,MULTIPLE,2
1798,weekends,2
1799,drawback,2
1800,haul,2
1801,Decent,2
1802,till,2
1803,durable,2
1804,warrenty,2
1805,afraid,2
1806,Broken,2
1807,circuits,2
1808,Still..,2
1809,EXCELLENT,2
1810,Pleasek,2
1811,repackage,2
1812,FROM,2
1813,repairs,2
1814,load,2
1815,B.,2
1816,Ehhh,2
1817,reduction,2
1818,Confidence,2
1819,construction,2
1820,reliability,2
1821,stores..,2
1822,trustee,2
1823,bought,2
1824,sister..,2
1825,sister.,2
1826,Lol,2
1827,imperfection,2
1828,google,2
1829,possibilities,2
1830,alternative,2
1831,log,2
1832,Fave,2
1833,Planet,2
1834,Really,2
1835,Helps,2
1836,south,2
1837,REAL,2
1838,SUPERB,2
1839,st,2
1840,Omaha,2
1841,another..,2
1842,dinners,2
1843,fervor,2
1844,Classsic,2
1845,pushes,2
1846,after..,2
1847,bottoms,2
1848,connair,2
1849,okay,2
1850,a..,2
1851,Cocoon,2
1852,las,2
1853,quieran,2
1854,resultado,2
1855,estilizado,2
1856,secador,2
1857,buena,2
1858,secar,2
1859,el,2
1860,cabello,2
1861,pesa,2
1862,lines,2
1863,latch,2
1864,ship,2
1865,problem..,2
1866,with..,2
1867,Elchim.And,2
1868,Awsome,2
1869,cousin,2
1870,Lisa,2
1871,Recommended,2
1872,Hairdresser,2
1873,YAY,2
1874,day..so,2
1875,shipper,2
1876,notification,2
1877,route,2
1878,ser,2
1879,shame,2
1880,Fianc,2
1881,revlon,2
1882,yr,2
1883,ratio,2
1884,cos,2
1885,Rocks,2
1886,everybody,2
1887,Light,2
1888,QUIET,2
1889,velos,2
1890,excelente,2
1891,How,2
1892,frills,2
1893,VW,2
1894,bus,2
1895,Porsche,2
1896,OWNED,2
1897,Jowell,2
1898,shears,2
1899,Ostar,2
1900,clippers,2
1901,reducer,2
1902,Filipino,2
1903,Caucasian,2
1904,Exactly,2
1905,Silent,2
1906,fuzziness,2
1907,corsair,2
1908,halves,2
1909,Chances,2
1910,wmart,2
1911,bulletpoint,2
1912,doghouse,2
1913,Worth,2
1914,Thursday,2
1915,Saturday,2
1916,Meets,2
1917,Affer,2
1918,lesson,2
1919,distributor,2
1920,Disappointment,2
1921,wayyyy,2
1922,selections,2
1923,itdoes,2
1924,keeper,2
1925,Yeah,2
1926,real..,2
1927,cvs,2
1928,diffrence,2
1929,capacity,2
1930,sparksDont,2
1931,Amazon..,2
1932,burns,2
1933,sucker,2
1934,beginners,2
1935,pure,2
1936,career,2
1937,door,2
1938,stir,2
1939,surgery,2
1940,Mom,2
1941,Thermic,2
1942,Brush,2
1943,Only,2
1944,lifetime..,2
1945,camper,2
1946,views,2
1947,differs,2
1948,asap,2
1949,BETTER,2
1950,mask,2
1951,corkscrew,2
1952,textures,2
1953,wish,2
1954,suggestion,2
1955,right..,2
1956,galaxy,2
1957,DISHONEST,2
1958,PERSONA,2
1959,GF,2
1960,FAVORITE,2
1961,wattage..and,2
1962,semi,2
1963,nice.Controls,2
1964,retrospect,2
1965,replaced..,2
1966,email,2
1967,apartment,2
1968,freezing..,2
1969,Durable,2
1970,meantime,2
1971,Temp,2
1972,voice,2
1973,activation,2
1974,coordinator,2
1975,spunk,2
1976,pump,2
1977,GO,2
1978,Blowout,2
1979,regardless,2
1980,My..,2
1981,brittle,2
1982,than..,2
1983,soft..,2
1984,wit,2
1985,described,2
1986,toms,2
1987,useage,2
1988,cosmetology,2
1989,student,2
1990,newbie,2
1991,Hefty,2
1992,susan,2
1993,step,2
1994,Friend,2
1995,Wimp,2
1996,teenager,2
1997,shake,2
1998,Wasn,2
1999,hoping,2
2000,ta,2
2001,max,2
2002,mesh,2
2003,dryer.fast,2
2004,effects,2
2005,Five,2
2006,smoke,2
2007,instrument,2
2008,electronics,2
2009,ONLY,2
2010,substance,2
2011,Daughter,2
2012,heads,2
2013,vendors,2
2014,cards,2
2015,imo,2
2016,moisturizer,2
2017,SPF,2
2018,doorstep,2
2019,Mistake,2
2020,Bouncing,2
2021,horrible,2
2022,pace,2
2023,Swoon..,2
2024,amazing..,2
2025,THICK,2
2026,slob,2
2027,TJ,2
2028,Maxx,2
2029,Effortless,2
2030,Duty,2
2031,More,2
2032,Ways,2
2033,outlets,2
2034,Chriatmas,2
2035,Ilene,2
2036,overdrying,2
2037,expectation,2
2038,relief,2
2039,malfunction,2
2040,jury,2
2041,BJ,2
2042,NOISE,2
2043,LEVEL,2
2044,counts,2
2045,dread,2
2046,chains,2
2047,backs,2
2048,brother,2
2049,unsure,2
2050,target,2
2051,GPF,2
2052,caliber,2
2053,ZAPPED,2
2054,totalbeauty,2
2055,fromAmazon,2
2056,Worked,2
2057,flicker,2
2058,casing,2
2059,FIrst,2
2060,hassle,2
2061,aside,2
2062,padding,2
2063,lawn,2
2064,deaths,2
2065,intensity,2
2066,hairdyer,2
2067,Definitely,2
2068,Reduces,2
2069,fanCons,2
2070,technique,2
2071,topic,2
2072,Granddaughter,2
2073,passes,2
2074,Saloons,2
2075,LIGHTER,2
2076,Saloon,2
2077,heats,2
2078,Umberto,2
2079,Grail,2
2080,skills,2
2081,recommendations,2
2082,blogger,2
2083,Veronika,2
2084,Blushing,2
2085,Element,2
2086,OOOOPPPPPSSSS,2
2087,expensive,2
2088,cake,2
2089,like,2
2090,nazzle,2
2091,prob,2
2092,ELF,2
2093,Break,2
2094,transactions,2
2095,eligibility,2
2096,Cosmetologist,2
2097,mornings,2
2098,workers,2
2099,midstream,2
2100,looks,2
2101,Elchim..,2
2102,ponytail,2
2103,socket,2
2104,Red,2
2105,Black,2
2106,flattening,2
2107,Powerful..I,2
2108,smoothe,2
2109,WORLD,2
2110,world..,2
2111,comfortble,2
2112,bisuness,2
2113,Hoooot,2
2114,COLD,2
2115,COOL,2
2116,SWITCH,2
2117,STAYS,2
2118,HAVE,2
2119,KEEP,2
2120,FINGER,2
2121,hot..,2
2122,past..,2
2123,wont..,2
2124,of..,2
2125,whopping,2
2126,Hi,2
2127,invest,2
2128,happens,2
2129,closes,2
2130,cure,2
2131,outer,2
2132,waxy,2
2133,Salano,2
2134,key,2
2135,hurry,2
2136,chunks,2
2137,flip,2
2138,enemy,2
2139,plain,2
2140,Watch,2
2141,offers,2
2142,Anazon,2
2143,postage,2
2144,consultant,2
2145,RESTOCKING,2
2146,FEE,2
2147,DEDUCTION,2
2148,AU..,2
2149,Australia,2
2150,tends,2
2151,degree,2
2152,twice,2
2153,Splurge,2
2154,expectations..,2
2155,i.,2
2156,imitation,2
2157,GOOD,2
2158,HAPPY,2
2159,fortune,2
2160,Cgjmch,2
2161,Smoke,2
2162,smell..Very,2
2163,scary,2
2164,reality,2
2165,budget,2
2166,drugstores,2
2167,rollers,2
2168,how.it,2
2169,working..,2
2170,qualify,2
2171,cage,2
2172,gook,2
2173,calculations,2
2174,cents,2
2175,Classic,2
2176,matter..it,2
2177,further,2
2178,Wir,2
2179,less,2
2180,sprays,2
2181,classic,2
2182,workloads,2
2183,cheapy,2
2184,Due,2
2185,AVOID,2
2186,Problems,2
2187,merchandise,2
2188,airplane,2
2189,nephew,2
2190,Policy,2
2191,egg,2
2192,fussing,2
2193,replacing,2
2194,duck,2
2195,dime,2
2196,xfinity,2
2197,regards,2
2198,personnel,2
2199,letter,2
2200,statement,2
2201,want,2
2202,Co,2
2203,Jade,2
2204,green,2
2205,search,2
2206,Dove,2
2207,arts,2
2208,STILL,2
2209,ask,2
2210,From,2
2211,diverter,2
2212,THING,2
2213,COME,2
2214,WHAT,2
2215,fryer,2
2216,overhaul,2
2217,flaw.Love,2
2218,downfall.Have,2
2219,give,2
2220,swivel,2
2221,somethings,2
2222,havent,2
2223,hairdressers,2
2224,wraps,2
2225,year..,2
2226,Reduced,2
2227,AC,2
2228,inside,2
2229,Elchims,2
2230,Conairs,2
2231,insuficient,2
2232,Hollywood,2
2233,build,2
2234,Lasted,2
2235,Hairdryers,2
2236,Minimizes,2
2237,shiner,2
2238,kiddo,2
2239,BLOWDRYER,2
2240,gfs,2
2241,Leave,2
2242,five..,2
2243,rocket,2
2244,CAN,2
2245,SAY,2
2246,MANY,2
2247,DRYERS,2
2248,SINGLE,2
2249,stopped.i,1
2250,reset,1
2251,drain,1
2252,stretch,1
2253,Pieces,1
2254,communication,1
2255,photos,1
2256,requests,1
2257,clientele,1
2258,forths,1
2259,link,1
2260,artifact,1
2261,purifier,1
2262,Duct,1
2263,Tape,1
2264,DIY,1
2265,grunge,1
2266,DOA,1
2267,time..,1
2268,breeze..,1
2269,sensors,1
2270,wetness,1
2271,movement,1
2272,Everytime,1
2273,howto,1
2274,exit,1
2275,hottest,1
2276,drawers,1
2277,helicopter,1
2278,conversations,1
2279,convenient,1
2280,weighty,1
2281,Per,1
2282,above,1
2283,phases,1
2284,strain,1
2285,sink,1
2286,capital,1
2287,respond,1
2288,Damaging,1
2289,reporting,1
2290,Seemed,1
2291,Juma,1
2292,Feb,1
2293,headache,1
2294,existence,1
2295,view,1
2296,Iron,1
2297,Fuchsia,1
2298,made,1
2299,WE,1
2300,Disappointed,1
2301,ordeal,1
2302,Knockoff,1
2303,Check,1
2304,serge,1
2305,imaging,1
2306,camera,1
2307,Max,1
2308,knotty,1
2309,blowdrying,1
2310,tutorials,1
2311,Stylist,1
2312,little..,1
2313,waiting,1
2314,P.,1
2315,pass,1
2316,courtesy,1
2317,children,1
2318,HUGE,1
2319,drop,1
2320,Accessories,1
2321,shouldn,1
2322,shocker,1
2323,memories,1
2324,theme,1
2325,Button,1
2326,Location,1
2327,improves,1
2328,decrease,1
2329,secure,1
2330,readability,1
2331,nose,1
2332,deeper,1
2333,Keratin,1
2334,yours,1
2335,Japan,1
2336,conforms,1
2337,requirements,1
2338,documentation,1
2339,Kanji,1
2340,receptacle,1
2341,Search,1
2342,ACUPWR,1
2343,AJD,1
2344,September,1
2345,gasp,1
2346,diffusers,1
2347,Bummer,1
2348,Whoever,1
2349,month..,1
2350,so..,1
2351,PERIOD,1
2352,dynamic,1
2353,quitting,1
2354,complainers,1
2355,whim,1
2356,thinner,1
2357,nosel,1
2358,bend,1
2359,dryerI,1
2360,Guys..,1
2361,seriously..,1
2362,techWAY,1
2363,CRITICAL,1
2364,NOTES,1
2365,SECURE,1
2366,feet,1
2367,criticismsShe,1
2368,Review,1
2369,Purchase,1
2370,indication,1
2371,pays,1
2372,posts,1
2373,Ok..,1
2374,dull,1
2375,firm,1
2376,factors,1
2377,update,1
2378,silence,1
2379,Blew,1
2380,Mind,1
2381,Pun,1
2382,straighter,1
2383,justice,1
2384,YOUTUBE,1
2385,restroom,1
2386,speak,1
2387,machine..lol,1
2388,POWERThe,1
2389,pulls,1
2390,Cheaper,1
2391,dryers.WEIGHTNot,1
2392,fatigues,1
2393,measures,1
2394,Storage,1
2395,BagIt,1
2396,FREE,1
2397,closure,1
2398,fabric,1
2399,crispy,1
2400,nightmare,1
2401,prospect,1
2402,adapters,1
2403,anyways,1
2404,component,1
2405,consideration,1
2406,existent,1
2407,dryer..very,1
2408,sturdy,1
2409,Vertu,1
2410,Phone,1
2411,Version,1
2412,Without,1
2413,Precious,1
2414,Gems,1
2415,Metals,1
2416,frame,1
2417,add,1
2418,ons,1
2419,hum,1
2420,kill,1
2421,converters,1
2422,compensation,1
2423,buzzkill,1
2424,Warehouse,1
2425,Efficiency,1
2426,learning,1
2427,charge,1
2428,phones,1
2429,Unbelievably,1
2430,ALSO,1
2431,impress,1
2432,Useless,1
2433,Congrats,1
2434,LTD,1
2435,saloons,1
2436,Anyways,1
2437,Walgreen,1
2438,Should,1
2439,Shark,1
2440,Year,1
2441,purchasers,1
2442,weekly,1
2443,youre,1
2444,vacuuming,1
2445,amt,1
2446,pro,1
2447,typhoon,1
2448,OUT,1
2449,addict,1
2450,smoothes,1
2451,anchor,1
2452,picker,1
2453,reaction,1
2454,Lightsaber,1
2455,Ask,1
2456,Chiropractor,1
2457,section,1
2458,battle,1
2459,beach,1
2460,tips,1
2461,Literally,1
2462,WONDERFUL,1
2463,OUTSTANDING,1
2464,changing,1
2465,boon,1
2466,mane,1
2467,hairstyling,1
2468,Traveling,1
2469,third,1
2470,flexibility,1
2471,screenshot,1
2472,it.Anyways,1
2473,legit,1
2474,insight,1
2475,costs,1
2476,shoes,1
2477,dryers..,1
2478,SLEEK,1
2479,cost..,1
2480,applies,1
2481,wigs,1
2482,goodness,1
2483,GENIUS,1
2484,bomb,1
2485,extensitons,1
2486,sassy,1
2487,gadget,1
2488,shinny,1
2489,hesitation,1
2490,nit,1
2491,Hawaii,1
2492,buzz,1
2493,shampoos,1
2494,conditioners,1
2495,STRONGLY,1
2496,possibly,1
2497,EVEN,1
2498,BUYING,1
2499,TROUBLED,1
2500,impossible,1
2501,other..,1
2502,utility,1
2503,slides,1
2504,WTF.May,1
2505,RECOMMEND,1
2506,quit,1
2507,answeres,1
2508,track,1
2509,hey,1
2510,batch,1
2511,motherboards,1
2512,public,1
2513,recall,1
2514,laws,1
2515,tame,1
2516,testimony,1
2517,holidays,1
2518,versus,1
2519,receive,1
2520,Say,1
2521,goodbye,1
2522,hello,1
2523,radiation,1
2524,asleep,1
2525,since..,1
2526,instance,1
2527,minutes..,1
2528,worth..Outstanding,1
2529,worth.but,1
2530,Friz,1
2531,Stain,1
2532,knot,1
2533,Paid,1
2534,Slip,1
2535,Gf,1
2536,Factor,1
2537,novelty,1
2538,tooooo,1
2539,sonic,1
2540,otherwise,1
2541,Denver,1
2542,Chicago,1
2543,Could,1
2544,rooms,1
2545,performs,1
2546,limply,1
2547,Replacement,1
2548,Apple,1
2549,refinement,1
2550,fitting,1
2551,sleeve,1
2552,attempts,1
2553,iPhone,1
2554,Thankful,1
2555,experiance,1
2556,numbers,1
2557,lift,1
2558,spouse,1
2559,cables,1
2560,circuit,1
2561,complain,1
2562,FOREVER,1
2563,shy,1
2564,Straight,1
2565,HIGHLY,1
2566,Goes,1
2567,everyday,1
2568,shorter,1
2569,Mercedes,1
2570,Benz,1
2571,saying,1
2572,Save,1
2573,overheats,1
2574,shuts,1
2575,clogs,1
2576,microfine,1
2577,cleans,1
2578,gentle,1
2579,showers,1
2580,turbine,1
2581,Couldn,1
2582,bullet,1
2583,Gentle,1
2584,Superior,1
2585,Brought,1
2586,awhile,1
2587,ball,1
2588,Every,1
2589,Shekel,1
2590,Ohmygoodness,1
2591,Smart,1
2592,saving,1
2593,es,1
2594,hace,1
2595,secadora,1
2596,muy,1
2597,potente,1
2598,chemicals,1
2599,crashes,1
2600,Damaged,1
2601,Message,1
2602,upstairs,1
2603,Cyber,1
2604,Deal,1
2605,Let,1
2606,Down,1
2607,cyber,1
2608,shining,1
2609,pause,1
2610,N,1
2611,walmart,1
2612,guilt,1
2613,Awkward,1
2614,Thought,1
2615,Ex,1
2616,stenosis,1
2617,Happy,1
2618,match,1
2619,estimation,1
2620,beard,1
2621,runarounds,1
2622,corner,1
2623,lives,1
2624,EXTREMELY,1
2625,versatile,1
2626,demo,1
2627,soooooo,1
2628,mich,1
2629,Delivery,1
2630,puffier,1
2631,sweet,1
2632,Genuine,1
2633,contraction,1
2634,Habit,1
2635,Handtied,1
2636,infra,1
2637,Set,1
2638,Go,1
2639,BLOWING,1
2640,FUSE,1
2641,GOING,1
2642,RETURN,1
2643,AMAZON,1
2644,SAYS,1
2645,CANT,1
2646,MISSED,1
2647,DAY,1
2648,DAYS,1
2649,Parts,1
2650,Fabulous,1
2651,hedgehog,1
2652,movie,1
2653,Alittle,1
2654,DIDNT,1
2655,CAME,1
2656,ACCESSORIES,1
2657,Genial,1
2658,Que,1
2659,ruido,1
2660,porque,1
2661,lubina,1
2662,seca,1
2663,pido,1
2664,sierra,1
2665,Excelent,1
2666,mush,1
2667,Mr,1
2668,Bet,1
2669,territory,1
2670,u,1
2671,Use,1
2672,Hand,1
2673,Shower,1
2674,hipe,1
2675,Health,1
2676,El,1
2677,profesional,1
2678,absolute,1
2679,PowerfulNotLight,1
2680,Eliminates,1
2681,fiancee,1
2682,UAE,1
2683,America,1
2684,Necessity,1
2685,everthing,1
2686,MUST,1
2687,powerfull,1
2688,NOTHING,1
2689,co,1
2690,Outrageous,1
2691,Freakin,1
2692,JOB,1
2693,investing,1
2694,Alert,1
2695,uncle,1
2696,registration,1
2697,cases,1
2698,Secador,1
2699,Se,1
2700,mi,1
2701,esposa,1
2702,encant,1
2703,miracles,1
2704,Pricy,1
2705,Outstanding,1
2706,promises,1
2707,countless,1
2708,Leaves,1
2709,prep,1
2710,Horrible,1
2711,mas,1
2712,caveats,1
2713,Sure,1
2714,dirty,1
2715,size..,1
2716,Ours,1
2717,adaptor,1
2718,CheckComes,1
2719,CheckExpensive,1
2720,CheckThis,1
2721,trip,1
2722,voltage..,1
2723,G,1
2724,Destroyed,1
2725,Alta,1
2726,diagnose,1
2727,welcome,1
2728,hassles,1
2729,diagnoses,1
2730,negativity,1
2731,knife,1
2732,torch,1
2733,helpful,1
2734,sleek,1
2735,leather,1
2736,maybe,1
2737,walls,1
2738,internet..,1
2739,internet,1
2740,Others,1
2741,battery..,1
2742,towards,1
2743,ear..,1
2744,Afterwards,1
2745,fever,1
2746,cooked.and,1
2747,convection,1
2748,cook,1
2749,food,1
2750,hindsight,1
2751,workaround,1
2752,meaning,1
2753,because,1
2754,V.,1
2755,irony,1
2756,locale,1
2757,homework,1
2758,expectancy,1
2759,fifth,1
2760,transaction,1
2761,pride,1
2762,trust,1
2763,prototype,1
2764,proof,1
2765,sheer,1
2766,engineering..,1
2767,viable,1
2768,it.Reduce,1
2769,versatility,1
2770,regulations,1
2771,ads,1
2772,campaign,1
2773,returns.Provide,1
2774,components,1
2775,diagnosis,1
2776,compact,1
2777,opposite,1
2778,Llego,1
2779,rapido,1
2780,producto,1
2781,v,1
2782,handling,1
2783,speed..,1
2784,perception,1
2785,spills,1
2786,whatever..,1
2787,BOTTOM,1
2788,LINE,1
2789,Annoying,1
2790,Asia,1
2791,rep,1
2792,DONT,1
2793,Stick,1
2794,BB,1
2795,for.I,1
2796,deliver,1
2797,on..,1
2798,slot,1
2799,worries,1
2800,Kind,1
2801,whoosh,1
2802,differences,1
2803,Bottom,1
2804,t.stars,1
2805,Gives,1
2806,swath,1
2807,intensities,1
2808,grey,1
2809,brain,1
2810,shouts,1
2811,whew,1
2812,superiority,1
2813,Awesomeness,1
2814,gripper,1
2815,countertop,1
2816,magnetics,1
2817,wrong,1
2818,functionality,1
2819,USING,1
2820,Unit,1
2821,CURL,1
2822,RESULTS,1
2823,EXCEED,1
2824,SCRUNTCHiING,1
2825,STYLED,1
2826,DOWNSIDE,1
2827,mfg,1
2828,Magenta,1
2829,Causes,1
2830,Tinnitus,1
2831,Ear,1
2832,Damage,1
2833,tinnitus,1
2834,depth,1
2835,migraines,1
2836,couldn,1
2837,Rewind,1
2838,Norwex,1
2839,rag,1
2840,neither,1
2841,toothbrush,1
2842,shows,1
2843,microfiber,1
2844,AWFUL,1
2845,consistency,1
2846,cotton,1
2847,candy,1
2848,mom..she,1
2849,Isn,1
2850,me..Not,1
2851,Problem,1
2852,ger,1
2853,becuase,1
2854,Stops,1
2855,coverage,1
2856,trend,1
2857,repertoire,1
2858,SHOULD,1
2859,themselves..,1
2860,creme,1
2861,houston,1
2862,hrs,1
2863,drive,1
2864,ie..,1
2865,warrants,1
2866,Wouldn,1
2867,Google,1
2868,Granted,1
2869,fault,1
2870,Drybar,1
2871,insult,1
2872,warranty.Which,1
2873,Davison,1
2874,chance.if,1
2875,NONE,1
2876,hang,1
2877,tug,1
2878,backward,1
2879,norm,1
2880,experimentation,1
2881,curly,1
2882,concept,1
2883,damaging,1
2884,method,1
2885,group,1
2886,data,1
2887,Gama,1
2888,convertor,1
2889,confidence,1
2890,heavier,1
2891,advantages,1
2892,windstorm,1
2893,rotating,1
2894,CONCLUSION,1
2895,Experiment,1
2896,European,1
2897,HELP,1
2898,WORSE,1
2899,ride,1
2900,Notice,1
2901,shirt,1
2902,water,1
2903,worse,1
2904,boa,1
2905,constrictor,1
2906,animal,1
2907,alien,1
2908,race,1
2909,impact,1
2910,flippage,1
2911,straightens,1
2912,fizziness,1
2913,MSRP,1
2914,Hype,1
2915,Y,1
2916,packages,1
2917,scanners,1
2918,Noise,1
2919,connections,1
2920,inline,1
2921,Work,1
2922,Hundreds,1
2923,grow,1
2924,scorching,1
2925,Wayyyyy,1
2926,Can,1
2927,stopping,1
2928,it..Until,1
2929,tubes,1
2930,vacumms,1
2931,World,1
2932,aversion,1
2933,considers,1
2934,Meh,1
2935,faster.but,1
2936,COMPLETELY,1
2937,DRY,1
2938,carat,1
2939,jewels,1
2940,diamond,1
2941,rubies,1
2942,slippers,1
2943,Better,1
2944,emeralds,1
2945,eyes,1
2946,downsides,1
2947,S.This,1
2948,spectrum,1
2949,pst,1
2950,died..,1
2951,months.no,1
2952,thru,1
2953,spite,1
2954,tlc,1
2955,Moves,1
2956,dudes,1
2957,mousetrap,1
2958,systems,1
2959,Greece,1
2960,regimen,1
2961,OVER,1
2962,draw,1
2963,cosmetologists,1
2964,blowdry,1
2965,TON,1
2966,Fuller,1
2967,blond,1
2968,STOPS,1
2969,tests,1
2970,Luxury,1
2971,afternoons,1
2972,visits,1
2973,flips,1
2974,strays,1
2975,ionization,1
2976,narrow,1
2977,neat,1
2978,BREAK,1
2979,purchaser,1
2980,employee,1
2981,PR,1
2982,siree,1
2983,Eagle,1
2984,flew,1
2985,nod,1
2986,approval,1
2987,chimes,1
2988,field,1
2989,gust,1
2990,flowing,1
2991,disease,1
2992,sickness,1
2993,Totes,1
2994,mysteries,1
2995,cereal,1
2996,terrific,1
2997,advise,1
2998,bone,1
2999,GAME,1
3000,CHANGER,1
3001,SAVER,1
3002,AMAZONE,1
3003,THEN,1
3004,BOUGHT,1
3005,SITE,1
3006,DIRECTLY,1
3007,Beware..,1
3008,No,1
3009,Duson,1
3010,Grip,1
3011,cluncky,1
3012,pincher,1
3013,portion,1
3014,GET,1
3015,designs,1
3016,Cumbersome,1
3017,tells,1
3018,someday,1
3019,truck,1
3020,driver,1
3021,road,1
3022,excess,1
3023,mph,1
3024,Mach,1
3025,want..,1
3026,machinery,1
3027,wolf,1
3028,pigs,1
3029,miles,1
3030,gallon,1
3031,city,1
3032,plans,1
3033,worry,1
3034,USAF,1
3035,F,1
3036,engines,1
3037,understanding,1
3038,aerofluid,1
3039,dynamics,1
3040,doubt,1
3041,President,1
3042,United,1
3043,States,1
3044,Chihuahua,1
3045,Toby,1
3046,feat,1
3047,payments,1
3048,NY,1
3049,Try,1
3050,Sound,1
3051,hurts,1
3052,Aveda,1
3053,Have,1
3054,Fry,1
3055,Ladies,1
3056,countryWorks,1
3057,stop,1
3058,bleach,1
3059,suggestions,1
3060,CON,1
3061,edition,1
3062,Design,1
3063,Maneuverability,1
3064,Service,1
3065,centers,1
3066,Nozzles,1
3067,califrornia,1
3068,warning.so,1
3069,wins,1
3070,Handcrafted,1
3071,Salons,1
3072,Dual,1
3073,Generator,1
3074,Function,1
3075,Builds,1
3076,AWESOMENESS,1
3077,SON,1
3078,tress.I,1
3079,product.would,1
3080,spoil,1
3081,myself.Thank,1
3082,Shine.And,1
3083,hairdryer.And,1
3084,snap,1
3085,iPhones,1
3086,gold,1
3087,somehow,1
3088,professional..,1
3089,SOOOO,1
3090,hay,1
3091,sephor,1
3092,chargers,1
3093,twatch,1
3094,need..,1
3095,Qvc,1
3096,watch,1
3097,but..,1
3098,afterthought,1
3099,cardboard,1
3100,dimensions,1
3101,corners,1
3102,separately.huh,1
3103,SUCK,1
3104,extremist,1
3105,Standard,1
3106,Future,1
3107,Plastic,1
3108,Never,1
3109,Loses,1
3110,Promise,1
3111,Size,1
3112,Samsung,1
3113,Note,1
3114,Iconic,1
3115,de,1
3116,Paul,1
3117,Mitchell,1
3118,Sad,1
3119,Treat,1
3120,ASAP,1
3121,stress,1
3122,Six,1
3123,worthwhile,1
3124,Sweet,1
3125,strands,1
3126,density,1
3127,sociopath,1
3128,porcelain,1
3129,accelerants,1
3130,towels..,1
3131,flag,1
3132,scissor,1
3133,edge,1
3134,trim,1
3135,months..,1
3136,Somehow,1
3137,stying,1
3138,g.shampoo,1
3139,puffball,1
3140,fiance,1
3141,hotels,1
3142,nd,1
3143,prevent,1
3144,WORTH,1
3145,Expensive,1
3146,drone,1
3147,extreme,1
3148,haridryer,1
3149,goal,1
3150,Part,1
3151,techniques,1
3152,heartburn,1
3153,modes,1
3154,Spent,1
3155,AGAIN,1
3156,Guess,1
3157,container,1
3158,DOESN,1
3159,contain,1
3160,Arghhh,1
3161,all..,1
3162,row,1
3163,hairstylists,1
3164,porosity,1
3165,hover,1
3166,vacations,1
3167,AM,1
3168,know,1
3169,Engineering,1
3170,heft,1
3171,timesaver,1
3172,admission,1
3173,Most,1
3174,Recent,1
3175,content,1
3176,draws,1
3177,gun,1
3178,yes,1
3179,percent,1
3180,Forget,1
3181,accurate,1
3182,dumpster,1
3183,but..My,1
3184,LESS,1
3185,liking,1
3186,talk,1
3187,stole,1
3188,Furious,1
3189,struggle,1
3190,Ergonomic.The,1
3191,Babybliss,1
3192,Quickly,1
3193,Gently,1
3194,aggravation,1
3195,Poorer,1
3196,Marriage,1
3197,age,1
3198,ambient,1
3199,Llosa,1
3200,Thai,1
3201,scratches,1
3202,Alright,1
3203,Call,1
3204,taxes,1
3205,Feels,1
3206,product..,1
3207,UPDATE,1
3208,restrooms,1
3209,special.The,1
3210,mount..so,1
3211,POSSIBLY,1
3212,tryer,1
3213,hir,1
3214,HOW,1
3215,truth,1
3216,ever..Dyson,1
3217,own..,1
3218,Risk,1
3219,brittleness,1
3220,Drop,1
3221,clunker,1
3222,drawbacks,1
3223,dial,1
3224,buenas,1
3225,Hands,1
3226,protects,1
3227,AmazingIt,1
3228,BAD,1
3229,fianc,1
3230,Manhatten,1
3231,Science,1
3232,science,1
3233,Insane,1
3234,square,1
3235,connector,1
3236,expecting,1
3237,thank,1
3238,K,1
3239,Pop,1
3240,fragile,1
3241,Fragile,1
3242,this..it,1
3243,Safe,1
3244,Expectations,1
3245,Package,1
3246,cars,1
3247,ever..,1
3248,coating,1
3249,catch,1
3250,mo,1
3251,eh,1
3252,showering,1
3253,^_^,1
3254,wife..,1
3255,time.Easy,1
3256,impediment,1
3257,Traveling..,1
3258,Tooooo,1
3259,dressers,1
3260,possibility,1
3261,Ergonomics,1
3262,levers,1
3263,reposition,1
3264,lever,1
3265,Low,1
3266,cold..there,1
3267,angle,1
3268,positioning,1
3269,November,1
3270,knots,1
3271,roomba,1
3272,recipient,1
3273,reports,1
3274,Sick,1
3275,ft,1
3276,hooks,1
3277,everything..,1
3278,vendor,1
3279,income..,1
3280,LIKESHonestly,1
3281,quietness,1
3282,coal,1
3283,grill..,1
3284,thinkers,1
3285,HATESI,1
3286,interfacing,1
3287,travelability,1
3288,plug..,1
3289,sometimes,1
3290,rocker,1
3291,system,1
3292,Marriotts,1
3293,Sheratons,1
3294,US..and,1
3295,Westin,1
3296,voltages,1
3297,sockets,1
3298,Really..,1
3299,Delivers,1
3300,trap,1
3301,Fab,1
3302,enjoy,1
3303,yessss,1
3304,example,1
3305,theory,1
3306,damages,1
3307,gauge,1
3308,fingertips,1
3309,inch,1
3310,cheapness,1
3311,disposabililty,1
3312,negatives,1
3313,downfall,1
3314,Enough,1
3315,Laila,1
3316,Ali,1
3317,examples,1
3318,around,1
3319,theirs,1
3320,policies,1
3321,establishments,1
3322,Bath,1
3323,sessions,1
3324,vibrate,1
3325,tornado,1
3326,death,1
3327,thinking,1
3328,polyester..,1
3329,adjusts,1
3330,fat,1
3331,cumbersome,1
3332,Gravity,1
3333,pitched,1
3334,Zone,1
3335,evangelists,1
3336,ours,1
3337,release,1
3338,Purifier,1
3339,Youtube,1
3340,screwdrivers,1
3341,dirt,1
3342,NB,1
3343,interest,1
3344,moment,1
3345,instalments,1
3346,devices,1
3347,Fan,1
3348,upright,1
3349,office,1
3350,c,1
3351,IMHO,1
3352,Above,1
3353,powers,1
3354,altering,1
3355,trusty,1
3356,actualDyson,1
3357,strawy,1
3358,anymore,1
3359,litttleHard,1
3360,twist,1
3361,Multiple,1
3362,settingsMultiple,1
3363,shaft,1
3364,mop,1
3365,banger,1
3366,rock,1
3367,hadn,1
3368,duds,1
3369,Rapido,1
3370,Babyless,1
3371,zone,1
3372,MIAMI,1
3373,GFI,1
3374,minimalism,1
3375,instant,1
3376,squeal,1
3377,before,1
3378,condensers,1
3379,silicone,1
3380,Plenty,1
3381,usage,1
3382,behavior,1
3383,STAY,1
3384,Weight,1
3385,fatiguing,1
3386,inclusion,1
3387,Summary,1
3388,mint,1
3389,proposition,1
3390,calculation,1
3391,preferences,1
3392,sweating,1
3393,Third,1
3394,Fourth,1
3395,Helpful,1
3396,Fifth,1
3397,harder,1
3398,apple,1
3399,dumbbell,1
3400,configuration,1
3401,Genius,1
3402,guess,1
3403,CONS,1
3404,PRICE,1
3405,cow,1
3406,dryer.Price,1
3407,dryer.My,1
3408,prefers,1
3409,here.My,1
3410,success,1
3411,agree,1
3412,Hate,1
3413,accessories..,1
3414,costing,1
3415,money..just,1
3416,manual,1
3417,print,1
3418,hurby,1
3419,award,1
3420,put,1
3421,do,1
3422,inward,1
3423,avail,1
3424,curler,1
3425,FOR,1
3426,LIFE,1
3427,odd,1
3428,fasterThe,1
3429,awesomeCons,1
3430,myselfThe,1
3431,sideThe,1
3432,areaThe,1
3433,D,1
3434,vice,1
3435,versa,1
3436,Sunday,1
3437,church,1
3438,exercise,1
3439,heartbeat,1
3440,Premium,1
3441,rave,1
3442,community,1
3443,turbulent,1
3444,brushing,1
3445,enters,1
3446,channels,1
3447,multiplier,1
3448,applications,1
3449,attribute,1
3450,mean,1
3451,Performance,1
3452,goldfish,1
3453,wear,1
3454,testament,1
3455,blades,1
3456,RPM,1
3457,strap,1
3458,tier,1
3459,skimp,1
3460,flagship,1
3461,vac,1
3462,boxing,1
3463,impression,1
3464,protrusion,1
3465,decibel,1
3466,meter,1
3467,lit,1
3468,sample,1
3469,cosmetics,1
3470,Mrs.,1
3471,verbiage,1
3472,Shelby,1
3473,households,1
3474,verdict,1
3475,object,1
3476,gotten,1
3477,sits,1
3478,hiccup,1
3479,grumbling,1
3480,retracts,1
3481,negative,1
3482,attaching,1
3483,surface,1
3484,cords,1
3485,straighteners,1
3486,manner,1
3487,grows,1
3488,trees,1
3489,take,1
3490,Unsure,1
3491,toddler,1
3492,softerIt,1
3493,Aesthetic,1
3494,dryersCons,1
3495,ROI,1
3496,presses,1
3497,claim,1
3498,herself,1
3499,marks,1
3500,environment,1
3501,Concentrators,1
3502,tion,1
3503,Out,1
3504,web,1
3505,boards,1
3506,luck,1
3507,silpat,1
3508,mark,1
3509,anti,1
3510,exhaust,1
3511,admit,1
3512,RELIABLE,1
3513,aesthetics,1
3514,Nordstrom,1
3515,Bath..,1
3516,doorbell,1
3517,CORD,1
3518,rectangle,1
3519,bugs,1
3520,convert,1
3521,fangirl,1
3522,hesitant,1
3523,Wellll,1
3524,total,1
3525,shew,1
3526,anyhoo,1
3527,Nordies,1
3528,kit,1
3529,Lot,1
3530,Air..,1
3531,efficient,1
3532,again..,1
3533,shiney,1
3534,afford,1
3535,shooting,1
3536,exclaim,1
3537,frustration,1
3538,Solstice,1
3539,foam,1
3540,scam,1
3541,hr,1
3542,Innovation,1
3543,Strikes,1
3544,ground,1
3545,Wrap,1
3546,Seasons,1
3547,Lanai,1
3548,remorse,1
3549,Nobody,1
3550,information..,1
3551,dude,1
3552,spends,1
3553,Common,1
3554,Issue,1
3555,deeply,1
3556,prive,1
3557,hi,1
3558,Fair,1
3559,BBB,1
3560,Effective,1
3561,it..but,1
3562,LOVES,1
3563,BestBuy,1
3564,attempt,1
3565,nail,1
3566,coffin,1
3567,mazing,1
3568,etc.hairdryers,1
3569,Amika,1
3570,Cloud,1
3571,retails,1
3572,wrists,1
3573,So..I,1
3574,moves,1
3575,skid,1
3576,antislip,1
3577,heatproof,1
3578,counters,1
3579,Brilliant,1
3580,English,1
3581,income,1
3582,wedding,1
3583,Cordless,1
3584,demonstration,1
3585,London,1
3586,geez,1
3587,freaking,1
3588,currents,1
3589,Briogeo,1
3590,Rosarco,1
3591,Sodium,1
3592,Olefin,1
3593,Sulfonate,1
3594,pacemaker,1
3595,PLAN,1
3596,PERSON,1
3597,WHO,1
3598,equivalent,1
3599,shrug,1
3600,to..,1
3601,Crappiest,1
3602,Garbage,1
3603,gouging,1
3604,Shame,1
3605,lifetime,1
3606,Insanely,1
3607,Bradley,1
3608,Cooper,1
3609,massage,1
3610,CAUSING,1
3611,KNOWN,1
3612,STATE,1
3613,CALIFORNIA,1
3614,CAUSE,1
3615,BIRTH,1
3616,DEFECTS,1
3617,OTHER,1
3618,REPRODUCTIVE,1
3619,HARM,1
3620,WASH,1
3621,HANDS,1
3622,AFTER,1
3623,HANDLING,1
3624,Malaysia,1
3625,Sells,1
3626,boot,1
3627,Bio,1
3628,Sam,1
3629,Villa,1
3630,OVERRATED,1
3631,horror,1
3632,Costco,1
3633,tellement,1
3634,heureuse,1
3635,avoir,1
3636,ge,1
3637,Club,1
3638,Expertes,1
3639,qui,1
3640,imaginais,1
3641,produit,1
3642,luxueux,1
3643,et,1
3644,innovant,1
3645,packagingLivr,1
3646,dans,1
3647,dirais,1
3648,crin,1
3649,premi,1
3650,vue,1
3651,coeur,1
3652,emball,1
3653,telle,1
3654,beaut,1
3655,il,1
3656,ellement,1
3657,gr,1
3658,milieu,1
3659,trou,1
3660,b,1
3661,ant,1
3662,pas,1
3663,pu,1
3664,pour,1
3665,Apr,1
3666,branch,1
3667,marche,1
3668,est,1
3669,quasiment,1
3670,ristique,1
3671,avion,1
3672,sourdine,1
3673,toutes,1
3674,puissances,1
3675,chaud,1
3676,fini,1
3677,maximales,1
3678,Alors,1
3679,vraiment,1
3680,boucl,1
3681,mouton,1
3682,habituel,1
3683,crini,1
3684,lion,1
3685,emm,1
3686,coupe,1
3687,des,1
3688,Jackson,1
3689,Ici,1
3690,contraire,1
3691,presque,1
3692,brillants,1
3693,statique,1
3694,accessoires,1
3695,embout,1
3696,lissant,1
3697,Mieux,1
3698,lisseur,1
3699,concentrateur,1
3700,m,1
3701,pens,1
3702,diffuseur,1
3703,finir,1
3704,sur,1
3705,belles,1
3706,boucles,1
3707,jamais,1
3708,encore,1
3709,croire,1
3710,aucun,1
3711,frisottis,1
3712,mais,1
3713,elles,1
3714,sortant,1
3715,chaque,1
3716,jour,1
3717,excitee,1
3718,cr,1
3719,coiffures,1
3720,copines,1
3721,Hillary,1
3722,these..,1
3723,Shirley..you,1
3724,jest,1
3725,Am,1
3726,acquisition,1
3727,insane,1
3728,profit,1
3729,margin,1
3730,show,1
3731,please,1
3732,refer,1
