category,channel,etc,maker,nReview,nSold,options,price,productName,updateDate,url
헤어드라이어,navershoppinglist,"리뷰,등록일 ,2018.12.",,1,,,"124,710원",파나소닉 EH-NA98,2018-12-,https://adcr.naver.com/adcr?x=RocJajzoRdaPBhXaZq8NFP///w==kmUg6m0qZjLX5tk8f/glyHHmwJZ4VPaPxIyHajwe9TEfUkWE+DKYXHr42MQkapX56FXoH+vU3hQdopNED3JXBCYOUEVlf4zmQwgRDbQ7IHBC7ubMjFVzBPwZY/Eay1863exPgB8XB4IdZIhJ/yLyoUgqLypQuc+elkQ4k7vi9QDgW+NyKep4PhA+ZaaEtwjlTo//qZh74WUa91kYGVATub49mKI26CGTtMVJANMnj5Tr3dU6wqdQNp51srI+Gs95adob3oLfCNj9efYYE9cLHmNxFeezpD8o2nfRdI0uMeHPoQDkSu41TA2Hmls6HnpC9WxxqQ02tZs7ioLzEI+mNUNMivZLj3z9w7jnZXy8IuarXEIauWjhUjNV8Br/sS+d2wY3+eZnoxJJUNp9igP4eKLsr3LwrD9kcgPRnIG6qrMgdFPd+ouoUJgYVkrp9yYtoNzOpaoCyH+o51VYTEXryJbYI301DM6Krtclldr+bOPtBgY8b1jE5R2Uzne7KNM7zFrCrKerKYPzjaXrcmXToIyqxuaUPi0RJNHQ+BVQeYn7IS+uaMaeXer37ZN4PdcwF6OT+LxHjz/WHXtrRLBC2TCN7i5KKzxiL59j/dYCpt1Nu2eNhHc2mgVkEvxvJc0bjCdvemeBOLNIWqVw27zLhZDFFxj9Z4hBSxityhmEqqF34WT4KrrOfizie6gW3pMyihgioO0Bun8nEWQdCKq7EaQZAoZ/O8lnpLEl2E0HRbxz7jejiEXt4bHIfMLTjtG5GnMW9cJ1+dNJdeLnus7nxHkDlyqxRSEitj+RK14oK4rKRUaBmxyPATzaFWFgfmKXS
헤어드라이어,navershoppinglist,"등록일 ,2016.04.",,0,,,"19,800원",한일전자 파테크 RH-4200,2016-04-,
헤어드라이어,navershoppinglist,"리뷰,등록일 ,2019.12.",,1,,,"53,590원",이니셜 RATE 레이트 F600,2019-12-,https://adcr.naver.com/adcr?x=cBMmygF/eb8Qs6om96oc0f///w==kmUg6m0qZjLX5tk8f/glyHJt5CM9J/yeEMepU4lnvo6XhrdqT0vyGvfZ4RIvwyFSm0fhLEasBrD6iUi1ClkUO1yQ0IkNXL711jJkORQURELZNABoKExqspTcPLOoZmhmenmgu+IUj3kb9VEI5uBWKAZWlbeBgbSE2nHDsBzQBaIwklrMcbJhDmjfH2unmsQ2tCEcCJkQiBCbjGu2RpNRaYE3UOp1SBPK1O+UBUram3DwC3doXMDI9n+11V5RYAyBpOUj2mti6phtGa/pq0W5bVkLsskdSzobffhBhUptsJyPUWxZvnPHYvfUoQNfn0xgOE9TZdhJU0T6t8W+s04INWDcl1y2io9o8Jj3o+pxn1YXqgzFJV/zNxB+KFsxd5cU8me9XFp1p0uFVqiR9TPBkEXvvLE0HjKKSoS/Y8Vgh6rLgPdfXvIhnPUh0TFak7YwDGZK4nWv8l2lOjZD9r3wst5/Z8Z2ljA9UEnX5ixjlTIWyrzqlJLvwUYN1APRixzLkwua58eSbEy8LqC/eCvGGrO8qrwvdmOb9S5xq2aUn8ZPA4OGQAvV3lb11lCiqVLUJcZifhZG04XD/EH6kRAqyuymB/lE2zDAzQYwJGlGMFNnYQV64QAe1zrJDsCF21K8TX/Jw2gTF09RNbNlHUZeofyOSGA+r8A+w/bBTcqqbhv8RRU7v/PIbh31urP20BlcfPfgmabMJvkzHpoB5mVrR/LnyoiUAabnq0DnwsBzeoO7PN06elpn10RtnVfqyuCmK2wkmvctkuIKV74hJllpafrBaEPRo0ZNT5jdg+FDcY/0oSZKeqK9CDvNjmKuhklWa
헤어드라이어,navershoppinglist,"리뷰,등록일 ,2019.05.",,1,,,"39,490원",유닉스 UN-B1643,2019-05-,https://adcr.naver.com/adcr?x=T8indZ1VBgC6gfMcKXmNMf///w==kPFsOHmc8QooWaXIluDXdj1QsCZ/zCKzQgQtkDsBwr0+w69PTxRw0ertH3poPzSGajrQxyyJ9vUcLbhcnv8T0td8E+UccU0a6yD23W4BUUtwwyzx17Gp+6g6otad7vrsfqwFx1MO+mw/NUNnKW4YYIWyus0Kf5lZwVxsdQ4M3Vt17TilikhH9hQUsjCW67L6J8iqY5IGFOPSD7MuWYplVRAKHhFwA6mKPjBqS1eb2kuahFbMPN8HeC/BKz2FZ8eIsGOyaCtFCjt+vRVP3L1kyfOCaWty8vq2wPs/sW69S2nh0Mm1Q+wQv+KktGqriMzMA00JSs2jeK+zk9bcKCgbFvgONkW748sO0G4G1ETBDeHehozPRE2Z0wf/e8//348DiQxKM7wWCOuOw9XIsC5ihHaURV9l/RMvFQdjO/UXHWMnNn7nuNH2yRxGOV2EY42gJ1MwWpnSCHib+/W7ZoPf271HdvzyFBtUbDR0tlhwdJtAjsMRE/vzM287lWQueMWgUQft7n+oqltCP6cHMZiA8LOwRhKG1r46wYKTUUCgtTCe91+BoJ/JcMafvc7U8SHNfRW94pqtT6yN/vefEvI1Bh5BhiC0x+2WiZffL8DMRttNIzx8Z8GKtMEKD54dENjqnSh2X2p42wBAuD58iWpKehMZ644MB6IYJJXHlBHgJj6f8jyqOQsh2f/wY1DaccOVuOM3K6dTIT0lSm/c8AfboG/9R8F+1HVRVZ4aaeMUJdBmCb56uwgn9NBH7eLa7GkRAwluiY2flbxlxcf/JxnVLnDucEeom9TckwZJxwANv7QgktU5hYgRDj0EoXCsZKTPi
헤어드라이어,navershoppinglist,"리뷰,등록일 ,2019.08.",,1,,,"374,610원",다이슨 슈퍼소닉 HD03,2019-08-,https://cr.shopping.naver.com/adcr.nhn?x=KJ%2FupNYrrg3d8THEfaMfNf%2F%2F%2Fw%3D%3DsQfMp7FgetfD1lYLKVtiWhhmPhUGNxaS2uSjgnaTJhasl8rTNO1gxruY7M76wIGLhPUrQORecXY%2Fe0mH3PkzWy21jkS2ln3iYWSedZaj45vTIgyzZp3pM9dZ6pX%2FhjYaf%2FUnrlDer0j7KNLD5ieV6VEls1M9xucXxkPPt7QTmSRFr6kdrp7BvT8OlwZ7P37YytWL5Ea0XbCuEY8Khhs43VKya7WAKoFXNuCgcnYp3tiiA2ksgBbLBg7HglIcd4s%2B%2F4w3YGXPp5%2BG%2B%2FkhF3csw5SE7GNHOUpyrRbE0LPcJeU9s79QklgdNfMhSkSBfj1NEIKPGkySbuG7s%2B2jfSN%2BI%2BnkJd7LE9vH8i0SAgL5Qe90ZgWsINpeDCpmS9GLtZegZqLXXFP1g4cJYdn8KoRSFOUPg%2F6PYJW9LpCSumzPJoigK7CtQzZWLlur1%2FFge4%2BEpgZ6iuFUJfGVTaG4mg09lBLlJH1q0EGOKact1MGcMYxKrWj1QN8V49N7UPvzg02gYi7zaKS7GtssYIZOld8FVXD6FURihOvVNK6%2BarovFEXYnZ46R%2F%2FUR9VPIandQW2gTel9t4JXBeQ06O7Fm5m%2FVIy3KhITorHMrTqbX4dA%2FfgJivV7GoW0AJJyRDX06rxCuDHmaCGoNdPW5C%2FKn1MBtu3s3T4qzSBIVN2HAysFdoOQX%2FYLHMxArgvwU8QGIw6Fs0IEeEWc1N8g5go%2BBjJLLGoKoDr6us%2BRKRCOTdsWr9TI%3D&nvMid=20793688663&catId=50001986
헤어드라이어,navershoppinglist,"리뷰,등록일 2015.12.",,1,,,"20,390원",유닉스 UN-B1453,2015-12-,https://cr.shopping.naver.com/adcr.nhn?x=c%2B4zDrGM8HfN%2FS5F7KBonv%2F%2F%2Fw%3D%3Dsj3Qo%2FRlgHM9LnGECt1UFCdY6OX2d8xjU51R1Ei0AZ%2BUl8rTNO1gxruY7M76wIGLhBbSMZahQU8soZt%2FPBUahbpn8I%2BCo9W7zXQhd0VtCJAMCwAPCXtBTm62QaunVVWfYK3zZP2Hsg2df3S73GTH0QR4pza8ebIOIXPrPsGGS95ek6v2w9jBqMGR4TTsgYaQndcHiDvfmIfewwVpYVEEhcwDHetx1VKArJyQIgwZm4sHk4XSzU069ffZOYjnYQ%2FB%2F4w3YGXPp5%2BG%2B%2FkhF3csw5SE7GNHOUpyrRbE0LPcJeU9s79QklgdNfMhSkSBfj1NEIKPGkySbuG7s%2B2jfSN%2BI%2BnkJd7LE9vH8i0SAgL5Qe90ZgWsINpeDCpmS9GLtZegZqLXXFP1g4cJYdn8KoRSFOUPg%2F6PYJW9LpCSumzPJoigK7CtQzZWLlur1%2FFge4%2BEpdvKtOkODnShJOcsZiwSMXfCIGm5X%2F1Yi5Bs3m9rBVtN8TWl3fDmGnMoiMSLy0CEtoYULPXQ9viRvAw4PVHgOOkojX3g7fJUZGRMAq7k1lOfRvT59VsXe3VVuakFVfBb6KdXs%2FWDqkaztPQL6KQc6PsVpWwJ3%2BsRMgd3jjq9LHl5kLNhr2UZKyIFkaZeTwTKhEaThcwm2jOjlPe7qD4n4682ZG55jf7nQQpVLJRE2%2BiY1s65UxHLe6UAFTKYHj0pyzY6of2Xpggjm6A4Z8HgJhg%3D%3D&nvMid=9189291189&catId=50001986
헤어드라이어,navershoppinglist,"리뷰,등록일 2016.06.",,1,,,"72,000원",JMW M5001A PLUS,2016-06-,https://cr.shopping.naver.com/adcr.nhn?x=iFlpF2WUM79w5OvcWFel0f%2F%2F%2Fw%3D%3DsNiDvdNdTw2%2BEdes9bxqA0KffXe%2FIGe8EOswSyu1I%2BVpvL12W5aYi%2FTl6p%2B3d7gt2cZUUIz89Ug1BsbN28%2FO9e28PKMu6sqzzKsw%2FGtP7hgXFN9quVH257SyplVir6F%2Bo6BkeiS%2BuzckaUExZsnDeCEbAoeRkvpJaJBMwPydFbM8QhkkHXK4%2FmSRy5icYE%2F27uO7MSo%2Bn4h3n3xPlK3CfS%2FcoXCZTy11iUgC1dFESupcE54JYzoN7wSJX%2FdsZcc5U%2FLKc3OGGtGoebD6lZ4I44ISv2w0Yv0stZD6LKftbf55bUf73NilrRL4RDYk4DmFeq3btKVxhUpidTfV6BgzPrJl5ZvLlNP%2B%2FvAE%2FR15kJfy9835OhANBmT1EtNrHhr2FCt5YK%2FmGsUxO25%2F2s6FZQcOmY27ZGze0Q%2BtXRlM4OxtarJoVrbEtunAYIkKGowOqe6HyxKdSgF%2FRnwwtLtZORj1nRJ4yoQ1ByXgZXYF4asXDSiBlT0VC%2FXD5nhDOMR0xIB95PMUNRvJzWPcodYZjgaAhfbmRc6T9Q91MqoVII6osoIX1iPNahoEFQqFFvTTZqnI6WLhRtiXDrrfHAlftwme2iHzFXwBXgDEzm6Q5b6Iu2xpn6x2j37Vzd5bkkJOKEaThcwm2jOjlPe7qD4n461plX6OnMQzv7SnewyqR7OobN1Niz3xeOwQ6kogXisszzY6of2Xpggjm6A4Z8HgJhg%3D%3D&nvMid=9921776575&catId=50001986
헤어드라이어,navershoppinglist,"리뷰,등록일 2013.11.",,1,,,"27,450원",필립스 HP8232/00,2013-11-,https://cr.shopping.naver.com/adcr.nhn?x=lTcorx%2B4l01FZcN4OGK3B%2F%2F%2F%2Fw%3D%3DsUYuwOuTzZ7y26eGI8S67pexQitNhaYcFaQ%2Bg8K0XXFYl8rTNO1gxruY7M76wIGLhxQWLwoPIB46ztUA2fuEx9jhbBQOibf%2B%2B2Re4R%2FL%2BcAMCwAPCXtBTm62QaunVVWfYK3zZP2Hsg2df3S73GTH0QR4pza8ebIOIXPrPsGGS95ek6v2w9jBqMGR4TTsgYaQndcHiDvfmIfewwVpYVEEhc%2BSvkxxtRGIKVHXd2sCdYvb6nFuOW3HXLTVkseLVAIpS4w3YGXPp5%2BG%2B%2FkhF3csw5SE7GNHOUpyrRbE0LPcJeU9s79QklgdNfMhSkSBfj1NEIKPGkySbuG7s%2B2jfSN%2BI%2BnkJd7LE9vH8i0SAgL5Qe90ZgWsINpeDCpmS9GLtZegZqLXXFP1g4cJYdn8KoRSFOUPg%2F6PYJW9LpCSumzPJoigK7CtQzZWLlur1%2FFge4%2BEpBhAK88mJYX8fuRPg2OKi0ZhceaSevjlk5%2BeGhBO9KbV8TWl3fDmGnMoiMSLy0CEttyrASziq6IieyTyqqZ8CM7L%2BD79JFqXUHChswIKAa5dYQDVPxWAuzuL2pWj6jR%2B8J%2Bk2cGcXjRGpUd0UuliJjNTELLsKarGnhQ7Rmhhw%2BGSQ3qt9Klb3aWvG375NCM8KYnHIcETcJifOE8sb44IMxdHLjy98vz1S7FhSW9q9XG2sCJKGaFQoYGX49MUCNSu%2FxyAhEKTy%2B0Zvtn8oYxIR0Q%3D%3D&nvMid=7246685652&catId=50001986
헤어드라이어,navershoppinglist,"리뷰,등록일 2017.04.",,1,,,"87,700원",JMW 팬텀 MS6001A,2017-04-,https://cr.shopping.naver.com/adcr.nhn?x=UoTeJ8K9XM5lwKojU6AlKv%2F%2F%2Fw%3D%3DsQUB1LoXtJV3a00QoivNIymVWkE8FgnpGsQ7YjCFuVm8l8rTNO1gxruY7M76wIGLhBCt9ioZlKt8s1SC12V9As8%2BQ9D%2BKRJ7zfa5yLdLFlLjIgyzZp3pM9dZ6pX%2FhjYaf%2FUnrlDer0j7KNLD5ieV6VEls1M9xucXxkPPt7QTmSRFr6kdrp7BvT8OlwZ7P37YytWL5Ea0XbCuEY8Khhs43VM2lYvOVxfv1ijxH%2BtbAOAjdfaEqB6p2HSqgJ9ISpDHR4w3YGXPp5%2BG%2B%2FkhF3csw5SE7GNHOUpyrRbE0LPcJeU9s79QklgdNfMhSkSBfj1NEIKPGkySbuG7s%2B2jfSN%2BI%2BnkJd7LE9vH8i0SAgL5Qe90ZgWsINpeDCpmS9GLtZegZqLXXFP1g4cJYdn8KoRSFOUPg%2F6PYJW9LpCSumzPJoigK7CtQzZWLlur1%2FFge4%2BEp%2Ff6synDEbhiyNYFSaF4f9KMXW5rXgndaI9UHRR4mfeSrWj1QN8V49N7UPvzg02gYsWQyctTP%2BFIU0KZ9NmiX%2BgZUmNA4gxLTebXdgCfMUNDt1SQBYtI4N8%2BdlHP2SDMGxPM456vtpLxFDDJeZGw7yxjpTF8mUvzAqbc%2BYg0Db%2FquncQ0kO%2BkPhHP3O1PHP4PoWGf4SP5DfOI3upP%2Fm38l8C87YWm5uDFPnokZJYGI8q%2FL5mgc4Ku0J4zIZONAPDx86euOFlqYxGW3xtmz76xsQ1QmAmnoJRdq4K9btjkCM0%3D&nvMid=11379176296&catId=50001986
헤어드라이어,navershoppinglist,"리뷰,등록일 2017.04.",,1,,,"84,900원",JMW 에어젯 MS6020B,2017-04-,https://cr.shopping.naver.com/adcr.nhn?x=3HJoi%2BAUZkqWZqlVasq6t%2F%2F%2F%2Fw%3D%3Ds15c01a27gKWwwuQ1WdfNgEfEUic3bwDR4SaoMBqXttpvL12W5aYi%2FTl6p%2B3d7gt2fsbIqTdcHouaxcGS39FripdAs42Il4JXEzSxe5WrU5oEThkX4alVfq%2BFreSWdF5Vg7fW9ROM4TLGOnWNrhGrVtyGaSr%2B0dRu37W7MMIB4NGtrk2YZNI7XPUxwzPc48d9mgXdPaip9zehn8GnNDvG2fKIN%2B7io4vJJgPzuupRKZsfXpcFECd7hjnT958CAOiv%2FLKc3OGGtGoebD6lZ4I44ISv2w0Yv0stZD6LKftbf55bUf73NilrRL4RDYk4DmFeq3btKVxhUpidTfV6BgzPrJl5ZvLlNP%2B%2FvAE%2FR15kJfy9835OhANBmT1EtNrHhr2FCt5YK%2FmGsUxO25%2F2s6FZQcOmY27ZGze0Q%2BtXRlM4OxtarJoVrbEtunAYIkKGowOqcm5rsA4j5%2FDkYNPW4bzUISEhb%2B5%2BbgCLWD5ufmjwVaC0c1bmOP2u2YumOF3Sc7ORiZcpzLo2RAz7RdST0Mz6daAhfbmRc6T9Q91MqoVII6rzrXJCtvYSQY%2FX0e37u5Z4Nf3VfkVBnOLa%2Fi%2FHGQtV2BjpTF8mUvzAqbc%2BYg0Db%2FolQBSpunRELRkH24ISW39HoWGf4SP5DfOI3upP%2Fm38l1W1%2FmzvXhOZ0EYGN1ShwnYgrv3C%2BcS4MvYadJ1HWoGPZOlg6TLOkikytCe8u4xyyQ1QmAmnoJRdq4K9btjkCM0%3D&nvMid=11359123232&catId=50001986
헤어드라이어,navershoppinglist,"리뷰,등록일 2015.11.",,1,,,"29,900원",유닉스 UN-B1531,2015-11-,https://cr.shopping.naver.com/adcr.nhn?x=xDXKANnmexUQkmqebmBJUP%2F%2F%2Fw%3D%3Ds6r0lV8At3VbjAz7Zws%2FJCTSedeShUz9PgLLFvE96n696mwXj6m1ivw4c4AjH6Q4HH%2BdSP8IV6zMScpmBVM%2BK5dQUxL%2Bzzh0L7yaMEtRnqU6CT2w44yzGqkU3T3LoKZb7F0OCMUXo419EUVH0NCCCaoZnlrSZr8PDPdBCvs8uWtf29%2BUCY8RL%2F8y6P3aTwqFbpPZTr8ikv8ShvyOuFDEQqK771oPVkKD3UR99mHw%2Ff7NkHPm2ylekhBIeyPam%2FFJ%2FSS3QYzv%2BRYEiOdfPbfZUegnSb3xVw5Yeykfm1jU6uDMfuq1Yo4DjApDN3LIBWoJAP7F5eweJBrLJ0ySb%2BQJ3nf6tk1Y6r86f%2B8JXUn7FgsDqtBgXgiC3oWDLNBAukKsmWDuAJuqZbGlx0juudI9chT9rXyqENDUD8omnd%2BAEOivf3Vb8LXDlJWzaxi1N0VJ6V4%2F7m1v%2FoBBFVvjJty7NTdRC%2BzwYer6Ps69Q2%2FK%2BLLHp%2FYhxUX9gUBdCumdjNr4kDHcGGFC9jfbb09nZjh3i5yI28QDIftdPo5sZ73mZF1Qp4nAlFnVzKRUKCo5yPwWsIme%2FFQ%2F0eiAaiSyuwx0VfW3fULB1XWJVTAQA7QoKUguhYZ%2FhI%2FkN84je6k%2F%2BbfyXiaT9%2F6Dm2UeDTaIwPBeJ7QB2Vd3juZy%2BHYVbPmaMZxUBNCgGhnJoYyA8V4j2ARcNDVCYCaeglF2rgr1u2OQIzQ%3D%3D&nvMid=9018273382&catId=50001986
헤어드라이어,navershoppinglist,"리뷰,등록일 2019.12.",,1,,,"53,590원",이니셜 RATE 레이트 F600,2019-12-,https://cr.shopping.naver.com/adcr.nhn?x=KCHohNK5Llg89cK%2Bmxkyof%2F%2F%2Fw%3D%3Ds7BqqSKXlV72Loz7l4qvqh4fKDk3EjInGH6vvxBM9ozD%2Fc2njgC%2BB5uuVt6Z%2Bie6M8UXAsSXpakX2a9B7IakjfO%2BiIhnBD1ZbQAmUHmStZKHQeB%2BbOKgVXn8ddtJM%2BJ%2BQDsQ%2FAxOmst%2Ft64NdgKSzAWedW%2BMyCIcyNsWGbi%2FX%2FUA%2Fa18qhDQ1A%2FKJp3fgBDorJDuXZdQuo4LCHwzw3HG6PHq55fB7WsLTxDu09TF%2BElooG%2BjUfoCxVWPjgmnzuMUgy8Iy9JjzSmyJr9GHVomFkmBV19Br2q09CTezdT%2FzPTPGg%2BKvOddnLbawR0wnSz8KwHFFPHsFZ%2FqEncckirYW50jRDh4v5cdD1nBO7DtmoazJEkwOxZwRU4OWNwxtILPiNSurl%2B5IkB9Q%2FpJAaBKL%2Bci30QtKP1mA7BYZPpxeJLc1QmeK3ZPITzKHcbEnR%2BI81gzrthuTHMX5HepSBKYvkbg6tDWw3deOh1ifh9dzyQJXfqiCwBtPYYwEdSt6i2JAGbT0FZcBZ2BgV1xg20J%2BmHtDzl1VOrZsuGJORaP%2FeBKw8593OR%2Br4qxUoJ1uSina21fkJLNj80fJPkneHcWDGS3KhITorHMrTqbX4dA%2FfgLuwD4h4hjsgi%2FWNpu4QKD7zIf34VOkSBwdlA0aAmIn6N6rWPACeQJ%2BBC%2F1v46t%2B8aSb935u%2B%2F65lf5YaUsoZ3FPnu1paZqtDez9TPIHfVWBB0cjwVm1BUYVknE7IEMpz4%3D&nvMid=21614401978&catId=50001986
헤어드라이어,navershoppinglist,"리뷰,등록일 2016.08.",,1,,,"388,760원",다이슨 슈퍼소닉 HD01,2016-08-,https://cr.shopping.naver.com/adcr.nhn?x=b1cauHV9pdji6SKUedXlzP%2F%2F%2Fw%3D%3DsKbjhKaA6OxEP97Jr%2BHNfYTBZ3nvM9J6rJJbgsqgX%2BWwl8rTNO1gxruY7M76wIGLhImxEdRW4YWMbIPhTQmXMNyG%2BGWcjTL9855szyBMx%2FPbIgyzZp3pM9dZ6pX%2FhjYaf%2FUnrlDer0j7KNLD5ieV6VEls1M9xucXxkPPt7QTmSRFr6kdrp7BvT8OlwZ7P37YytWL5Ea0XbCuEY8Khhs43VITLLA4XZHosmy%2FT9slaSIMyT2Xaes62OfCIXSR1qNHt4w3YGXPp5%2BG%2B%2FkhF3csw5SE7GNHOUpyrRbE0LPcJeU9s79QklgdNfMhSkSBfj1NEIKPGkySbuG7s%2B2jfSN%2BI%2BnkJd7LE9vH8i0SAgL5Qe90ZgWsINpeDCpmS9GLtZegZqLXXFP1g4cJYdn8KoRSFOUPg%2F6PYJW9LpCSumzPJoigK7CtQzZWLlur1%2FFge4%2BEpByAxENgjnQOGM85Vs02EcXTU%2FviOnWHCNIyQi35ye9OrWj1QN8V49N7UPvzg02gYIojJbCwTbC6gyAKda0rbn9wRQyT5iDRlXdtlKXilPLInZ46R%2F%2FUR9VPIandQW2gTKkETTRmbSvIDjI%2FJuata0S3KhITorHMrTqbX4dA%2FfgIj16e2gnfMVLKtJxjoav9g8ZRUbnnZNu%2FgXVQB9nzjJHoZM5ukz6dYdD9hXr55HS8y5WGIMwEzI2%2FYqyhrtWjUtY%2FMqBDx0qeN3Xlt6CsrMIKoDr6us%2BRKRCOTdsWr9TI%3D&nvMid=10250305800&catId=50001986
헤어드라이어,navershoppinglist,"리뷰,등록일 2016.10.",,1,,,"23,710원",유닉스 UN-A1610,2016-10-,https://cr.shopping.naver.com/adcr.nhn?x=baTn2rsH2XTviZqtu6Bh0P%2F%2F%2Fw%3D%3DsCIsQlkM451QxkzFI71baGBjc5FA431YmcnkcN2sYTF0l8rTNO1gxruY7M76wIGLhAsxDFtw7nunLYgN10oRk%2BI8gCfOX1wzuZbWjzy0DQKPIgyzZp3pM9dZ6pX%2FhjYaf%2FUnrlDer0j7KNLD5ieV6VEls1M9xucXxkPPt7QTmSRFr6kdrp7BvT8OlwZ7P37YytWL5Ea0XbCuEY8Khhs43VI5OAUyPu6xiuwJ66lbf2rrh9vrKBoiE4bLsIID0uVTK4w3YGXPp5%2BG%2B%2FkhF3csw5SE7GNHOUpyrRbE0LPcJeU9s79QklgdNfMhSkSBfj1NEIKPGkySbuG7s%2B2jfSN%2BI%2BnkJd7LE9vH8i0SAgL5Qe90ZgWsINpeDCpmS9GLtZegZqLXXFP1g4cJYdn8KoRSFOUPg%2F6PYJW9LpCSumzPJoigK7CtQzZWLlur1%2FFge4%2BEp5oZCVGMr7PrpYJOISSHRShoMklUWRbwAeKLBtfbMrs2rWj1QN8V49N7UPvzg02gYhIwjBc%2Fh9Lm6pYYPJrOwcD6FURihOvVNK6%2BarovFEXZCCGmytjxnLRIe41w%2F2VWAzQRmfuLNcjTZZhPEFE1ydMw2kPMI4S6BaXSlL0ssjwS8MaofMi1p986afdGGr2M1YnHIcETcJifOE8sb44IMxXnsspsJF05ChRsbbW2q9%2BabSr6G2WQpOGreGx0DST6D5Hv1T%2FoDPeAT2ZD%2BWCfnsQ%3D%3D&nvMid=10431803393&catId=50001986
헤어드라이어,navershoppinglist,"리뷰,등록일 2015.09.",,1,,,"58,800원",JMW MG1800,2015-09-,https://cr.shopping.naver.com/adcr.nhn?x=XPGlNQIYWgICr3Kr3Gpa1P%2F%2F%2Fw%3D%3DslgHIQpwsC32x5CMG72ZDWvrHIQXwaLA%2F%2Fh2PR2X3RABvL12W5aYi%2FTl6p%2B3d7gt2slf1M4Ouf1TpeMeP0rMmfwWcOEWd07PVqcEIZC1q%2FOTFN9quVH257SyplVir6F%2Bo6BkeiS%2BuzckaUExZsnDeCEbAoeRkvpJaJBMwPydFbM8QhkkHXK4%2FmSRy5icYE%2F27uO7MSo%2Bn4h3n3xPlK3CfS904lf3UtarTKBF1ux5RE9srIM8R8pi0%2BcHPPfESatht%2FLKc3OGGtGoebD6lZ4I44ISv2w0Yv0stZD6LKftbf55bUf73NilrRL4RDYk4DmFeq3btKVxhUpidTfV6BgzPrJl5ZvLlNP%2B%2FvAE%2FR15kJfy9835OhANBmT1EtNrHhr2FCt5YK%2FmGsUxO25%2F2s6FZQcOmY27ZGze0Q%2BtXRlM4OxtarJoVrbEtunAYIkKGowOq60C3066yfPqshIiprf%2F7Zz1nRJ4yoQ1ByXgZXYF4asXDSiBlT0VC%2FXD5nhDOMR0xoi6kLHYadqqMQSi%2F8BtP7KAhfbmRc6T9Q91MqoVII6r2bb10oKyUzuz9CgxMhJnH8jR8gVF8FlQ9pItE8Zzc8gQLSDYfMMhqw7xbqj2pvoCceXBRNYFfzO%2Bkwvx8d93nezdPirNIEhU3YcDKwV2g5IM3m%2B2UhI5HvOHs9ql4Z58VAdZ9DV2lvbUumaRdTF3CDhLBwu%2FFQS5xWYf5w6G3jQ%3D%3D&nvMid=8846029750&catId=50001986
헤어드라이어,navershoppinglist,"리뷰,등록일 2018.04.",,1,,,"23,060원",필립스 HP8230/00,2018-04-,https://cr.shopping.naver.com/adcr.nhn?x=SV9tBnLeqC2gkwordDi9Ef%2F%2F%2Fw%3D%3DscW4D%2F9DMShQkcUApfqfabfwN3wk2ShISwBZx%2FhMp5NpvL12W5aYi%2FTl6p%2B3d7gt2MXu9qzeJqeygXKbKmzVBhuw5mTsnzb3EZMxDN0bfBTEEThkX4alVfq%2BFreSWdF5Vg7fW9ROM4TLGOnWNrhGrVtyGaSr%2B0dRu37W7MMIB4NGtrk2YZNI7XPUxwzPc48d9mgXdPaip9zehn8GnNDvG2Y4V%2BQrI9M%2FTx2fYaMEBE42aUS6MxFiPI6xXcwLDVXif%2FLKc3OGGtGoebD6lZ4I44ISv2w0Yv0stZD6LKftbf55bUf73NilrRL4RDYk4DmFeq3btKVxhUpidTfV6BgzPrJl5ZvLlNP%2B%2FvAE%2FR15kJfy9835OhANBmT1EtNrHhr2FCt5YK%2FmGsUxO25%2F2s6FZQcOmY27ZGze0Q%2BtXRlM4OxtarJoVrbEtunAYIkKGowOqcRtwNAxNlkV0JTNRm6ErkyEhb%2B5%2BbgCLWD5ufmjwVaC0c1bmOP2u2YumOF3Sc7ORFyuLACWEqgjWzQahb3qruKAhfbmRc6T9Q91MqoVII6qHziK%2B9IFPOThMrYT1Ub8U%2BTdUIj7iGbnd1l1LxYGuBFVOM%2FqHxAawyjWDbF7q8dcvRG7HUw6OcgqBY1%2Fn9oZ%2FEs8cFUTVf2EXpmSuc9bAhIaejPPt6XR%2B4JgESUtDWP2SLegAl7r8kDd4N5agXuLvzY6of2Xpggjm6A4Z8HgJhg%3D%3D&nvMid=14058591226&catId=50001986
헤어드라이어,navershoppinglist,"리뷰,등록일 2017.06.",,1,,,"38,240원",유닉스 UN-A1770,2017-06-,https://cr.shopping.naver.com/adcr.nhn?x=GNlkpMgeXftuJaK779T0BP%2F%2F%2Fw%3D%3DsWZnIARJFymoDBpHsP0TX%2BNjk9T2fJ0NKF1ss7EW7Qp9vL12W5aYi%2FTl6p%2B3d7gt2niyOrPqOIatq5ntg6KxSyyMGr1aYOqkzZMx52vIeW8wEThkX4alVfq%2BFreSWdF5Vg7fW9ROM4TLGOnWNrhGrVtyGaSr%2B0dRu37W7MMIB4NGtrk2YZNI7XPUxwzPc48d9mgXdPaip9zehn8GnNDvG2cGSz3U4v30Lv96uIIE36We5SOW2SRWCLQA%2FeI6ax%2BPa%2FLKc3OGGtGoebD6lZ4I44ISv2w0Yv0stZD6LKftbf55bUf73NilrRL4RDYk4DmFeq3btKVxhUpidTfV6BgzPrJl5ZvLlNP%2B%2FvAE%2FR15kJfy9835OhANBmT1EtNrHhr2FCt5YK%2FmGsUxO25%2F2s6FZQcOmY27ZGze0Q%2BtXRlM4OxtarJoVrbEtunAYIkKGowOqqAu7gglliNMuB2O4cwEhgiEhb%2B5%2BbgCLWD5ufmjwVaC0c1bmOP2u2YumOF3Sc7ORU7eZIMuCMEKVitPdfT4jiqAhfbmRc6T9Q91MqoVII6q6JQN3TcDW%2FD6m8DrQIJajGyzeDJGN%2FS%2FtCW9YuDRqIvrvn8DF8RmaGFC4hAvmeUZKLv%2BJZYvp4jEn4nlAlWvJjr%2Fvhuz%2FM2bOeEg7k3nONY2PfFF5UE7CueqU1m0mtoGhwe1ibHng8sSUM8SAzc3BaGimR4pR27mrh1IoDTOSgA%3D%3D&nvMid=11793351929&catId=50001986
헤어드라이어,navershoppinglist,"리뷰,등록일 2019.05.",,1,,,"23,710원",유닉스 UN-A1690,2019-05-,https://cr.shopping.naver.com/adcr.nhn?x=8PkKydlCRMvvtzQpov8YQ%2F%2F%2F%2Fw%3D%3DsCi2OU5EKhOfXRkgCdEZPM%2BwUnnaacaRWp%2F7tDOGGnVkl8rTNO1gxruY7M76wIGLh5ZK7w4O9Rks4u58DFuqTjPnD1uchqR6mJt6EBHGNXSXIgyzZp3pM9dZ6pX%2FhjYaf%2FUnrlDer0j7KNLD5ieV6VEls1M9xucXxkPPt7QTmSRFr6kdrp7BvT8OlwZ7P37YytWL5Ea0XbCuEY8Khhs43VO9HUeV19MpzYSXQsIY5efIimMyWhHnTUUWwg4b7iIL14w3YGXPp5%2BG%2B%2FkhF3csw5SE7GNHOUpyrRbE0LPcJeU9s79QklgdNfMhSkSBfj1NEIKPGkySbuG7s%2B2jfSN%2BI%2BnkJd7LE9vH8i0SAgL5Qe90ZgWsINpeDCpmS9GLtZegZqLXXFP1g4cJYdn8KoRSFOUPg%2F6PYJW9LpCSumzPJoigK7CtQzZWLlur1%2FFge4%2BEprkOZMDOQYdTO1OEr7st3wLGsu32mWTPK%2Fw3BIFl3Vc6rWj1QN8V49N7UPvzg02gYVnha%2F3QMXmEqMPfcfgrSBQZUmNA4gxLTebXdgCfMUNBCCGmytjxnLRIe41w%2F2VWA9PAH%2FrhoJUKjUJv8AMsuvGw5kM3J7h26gx4xTvtnEydoJEFahU0AubzLdV0VX7tEYnHIcETcJifOE8sb44IMxX2oP7Wr%2BglYbWxLBYnmxFaOgrc%2FGuNCYIel190mnA8i5Hv1T%2FoDPeAT2ZD%2BWCfnsQ%3D%3D&nvMid=19248650796&catId=50001986
헤어드라이어,navershoppinglist,"리뷰,등록일 2016.04.",,1,,,"19,800원",한일전자 파테크 RH-4200,2016-04-,https://cr.shopping.naver.com/adcr.nhn?x=LrshM4jHakBHx5jsO%2BVokv%2F%2F%2Fw%3D%3Ds1EP5MIvkWY%2FuD2fH%2By%2BucZK%2Fw2hoMZw9a%2BzmpztqkpUl8rTNO1gxruY7M76wIGLhQLPkJOvjvPtiwgiiBsTsNkoH2WIvF95QVUK1IZZhqBcCwAPCXtBTm62QaunVVWfYK3zZP2Hsg2df3S73GTH0QR4pza8ebIOIXPrPsGGS95ek6v2w9jBqMGR4TTsgYaQndcHiDvfmIfewwVpYVEEhc%2FjOUkbrSUzrsObWIr7fCL6tY2ryuadlBXOxCK6BWoeI4w3YGXPp5%2BG%2B%2FkhF3csw5SE7GNHOUpyrRbE0LPcJeU9s79QklgdNfMhSkSBfj1NEIKPGkySbuG7s%2B2jfSN%2BI%2BnkJd7LE9vH8i0SAgL5Qe90ZgWsINpeDCpmS9GLtZegZqLXXFP1g4cJYdn8KoRSFOUPg%2F6PYJW9LpCSumzPJoigK7CtQzZWLlur1%2FFge4%2BEppNDsIKBT%2FkCDDBrzoVRpa3hnRuFj0%2B%2BJ0wMG8ctqPdt8TWl3fDmGnMoiMSLy0CEttOaiwDheAmq5WC5MUbOEDW4Jfup8rDe4spUk8vsQQKGkc2x4sSVZE6OwDGJdhCzIDVRW8U0uPeCCpp60QbE3i4HwmrtPeW8s0jtu5TgLhnHhTlHQS37K%2F%2Fn3Ay8TAyxrEs8cFUTVf2EXpmSuc9bAhC77adsUPt8Ltd2ZT40VU6qgTJuhCkMxrL6d6QaakvL3zY6of2Xpggjm6A4Z8HgJhg%3D%3D&nvMid=9632776074&catId=50001986
헤어드라이어,navershoppinglist,"리뷰,등록일 2019.02.",,1,,,"34,930원",샤오미 SOOCAS H3S,2019-02-,https://cr.shopping.naver.com/adcr.nhn?x=rmqj5yqE%2FWrTwgmEhPWWa%2F%2F%2F%2Fw%3D%3DskICMgb%2B%2BQcxdHJkKB87JeHCCXy48Wy7YwDYic23LoZNvL12W5aYi%2FTl6p%2B3d7gt2xmWW2%2BxnET%2FrhQhVpLxO6OEK2gvdUCgCXUyQUbXK3GYEThkX4alVfq%2BFreSWdF5Vg7fW9ROM4TLGOnWNrhGrVtyGaSr%2B0dRu37W7MMIB4NGtrk2YZNI7XPUxwzPc48d9mgXdPaip9zehn8GnNDvG2QgJ%2BM8Z%2Bxsl5mb%2BEjhJBbhzDxnDR1SmfnR5uk1PN%2BL9%2FLKc3OGGtGoebD6lZ4I44ISv2w0Yv0stZD6LKftbf55bUf73NilrRL4RDYk4DmFeq3btKVxhUpidTfV6BgzPrJl5ZvLlNP%2B%2FvAE%2FR15kJfy9835OhANBmT1EtNrHhr2FCt5YK%2FmGsUxO25%2F2s6FZQcOmY27ZGze0Q%2BtXRlM4OxtarJoVrbEtunAYIkKGowOqMVn%2FSPPsCPlXEjEpW6mrnyEhb%2B5%2BbgCLWD5ufmjwVaC0c1bmOP2u2YumOF3Sc7ORrG2eait12c3RlmY2WAU15aAhfbmRc6T9Q91MqoVII6qS5dG%2FgyPVxx5zQlMVyy%2Fr45U58q7utTGEp4H%2BXEUBnoVZaPcnMVx6jXJJ%2F0aWL8hpsYSnY6QtDrfXZzRMg%2FQqEaThcwm2jOjlPe7qD4n46%2F%2BTfWY5LM6YZKeLegywEnNgqt3j1fBD5rL9ZKQFh1xDxyAhEKTy%2B0Zvtn8oYxIR0Q%3D%3D&nvMid=17726267179&catId=50001986
헤어드라이어,navershoppinglist,"리뷰,등록일 2010.03.",,1,,,"26,530원",유닉스 UN-1330NA,2010-03-,https://cr.shopping.naver.com/adcr.nhn?x=llsLn45gqdLbDbkB8pUopP%2F%2F%2Fw%3D%3DsLhEBLYy23%2FWtnG9t4iDxDWvHimmSOJ4X%2BakmwCdx%2FeJvL12W5aYi%2FTl6p%2B3d7gt2NnGDIfW93Uil5fUcZZ0LSz14DnMAvzh38yUCUCo8p4vFN9quVH257SyplVir6F%2Bo6BkeiS%2BuzckaUExZsnDeCEbAoeRkvpJaJBMwPydFbM8QhkkHXK4%2FmSRy5icYE%2F27uO7MSo%2Bn4h3n3xPlK3CfSzECi4HSWlIa7V7AfYgzUq6lOYrkP0pVR9%2Fld1ky0jAs%2FLKc3OGGtGoebD6lZ4I44ISv2w0Yv0stZD6LKftbf55bUf73NilrRL4RDYk4DmFeq3btKVxhUpidTfV6BgzPrJl5ZvLlNP%2B%2FvAE%2FR15kJfy9835OhANBmT1EtNrHhr2FCt5YK%2FmGsUxO25%2F2s6FZQcOmY27ZGze0Q%2BtXRlM4OxtarJoVrbEtunAYIkKGowOqpC6oFNKCWi%2BGbz%2FE0fqRyj1nRJ4yoQ1ByXgZXYF4asXDSiBlT0VC%2FXD5nhDOMR0xVrV5cAKgn2xYWpgIchwpGKAhfbmRc6T9Q91MqoVII6rY6f63Nv8qdmorZRlRneFg75UGmJxlwjP99aX8Dz8KnD3ewO3oY76tRsp9Gr8gc3%2BcduMapTmrHESvKT0IPRcQjr%2Fvhuz%2FM2bOeEg7k3nONX6ZiN%2BGYStSCBKF1qLeVJoxYcAw9O%2BS9yCUpYq35uPmaGimR4pR27mrh1IoDTOSgA%3D%3D&nvMid=5547689371&catId=50001986
헤어드라이어,navershoppinglist,구매건수,,0,,,,다이슨 슈퍼소닉 헤어드라이기 HD-03 화이트실버,,https://cr.shopping.naver.com/adcr.nhn?x=yyg5vY622HY3YhV7AXrizf%2F%2F%2Fw%3D%3DsWzxtuiWHdAmeNrfjMpBrfKgPMdhH0ey%2Fi8QIw41Akazv90YeS5K8P98qQSxn9CuCGpOcu92sLv4h8RhSjWNUbxMi2bGbgXS2wK9onDQbkAcvYwU3dVahaQqVluxxDMleupv0hGN%2BGfGo1qIiK%2BLDG1LVIBl7VHSKgZJUnsV9OKVk0FRMBhbK97AA3O0QsW8jC50BozYuLzhlBHP915iF6AKqU%2F4L%2FWzleQoaurYCUsO7arw0iQtoBBCfj11xpgYMVV3pn6Znl%2B9MAtsEE%2BZ8ouacYsA2T1ONC2M4R1%2F3Eb%2FYynH2Bk8jpxsCzlctZ9s1md%2FQK43NOr2eYLgYRq7jVcECjfbIFvwzLnRr89mxGMppHYO8oAsk336FhDEAmQ4PdhVMskT%2FnrIQd%2Fs5yroloeJhXw2cuUhVjmT%2BuvZJvXA7ZnU1cWe91A6bRlT%2BxD8Dl0EHmrEvQ2WZHTL%2FMLHytP6bZpxJRm8BJ7oWK3I8maNH%2Fld93z7X%2BEKYEfMkYlXjl1XHvtFAW2joUswvEy5rqavtUBvfoSsQPvEM6ZWUZToCUswcFQjydauURh4X9Dtm9p9B8hXt3HOWJ%2BVDFt3i6YVsN%2FiAcjmtIwlTUFZwg6A%3D&nvMid=21634782186&catId=50001986
헤어드라이어,navershoppinglist,"리뷰,등록일 2018.11.",,1,,,"19,530원",비달사순 VSD5129K,2018-11-,https://cr.shopping.naver.com/adcr.nhn?x=Qp9%2BSn8zTaeglxXhw5%2BIHP%2F%2F%2Fw%3D%3DswglHwfapq%2FgrRXABymspNiy00ZKZl1x7mmNsehl9JqdvL12W5aYi%2FTl6p%2B3d7gt2tanQEaI3v9PdRMpQpYYJJHAX6XreerLm9akVmEJrMwsEThkX4alVfq%2BFreSWdF5Vg7fW9ROM4TLGOnWNrhGrVtyGaSr%2B0dRu37W7MMIB4NGtrk2YZNI7XPUxwzPc48d9mgXdPaip9zehn8GnNDvG2c6NcMkCZQc6c0Mjosia%2BQQ2%2BhowqtZCYV%2B7tIFpp%2B50%2FLKc3OGGtGoebD6lZ4I44ISv2w0Yv0stZD6LKftbf55bUf73NilrRL4RDYk4DmFeq3btKVxhUpidTfV6BgzPrJl5ZvLlNP%2B%2FvAE%2FR15kJfy9835OhANBmT1EtNrHhr2FCt5YK%2FmGsUxO25%2F2s6FZQcOmY27ZGze0Q%2BtXRlM4OxtarJoVrbEtunAYIkKGowOq2t14ZjBvJQ5A2QZKZ7GryCEhb%2B5%2BbgCLWD5ufmjwVaC0c1bmOP2u2YumOF3Sc7OREzS23hFIikeZfDQxwzH9fqAhfbmRc6T9Q91MqoVII6pYEoRTKs73eVJY%2BXq9%2BmBYTKGqkMabqR3D4%2BEiPhq6R%2Bzfx3V%2B2nFqzh%2FeIOPtnI6psM3Eq%2B%2FKHWNcaLzkj6W8jr%2Fvhuz%2FM2bOeEg7k3nONWTrqClszooaUgrQsICNNGYbRZfV9YD7tG8LGpiBCZ13aGimR4pR27mrh1IoDTOSgA%3D%3D&nvMid=16326683176&catId=50001986
헤어드라이어,navershoppinglist,구매건수,,0,,,,유닉스 메탈티 무광블랙 1600W 헤어 드라이기 UN-A1610 접이식,,https://cr.shopping.naver.com/adcr.nhn?x=C1w89ZPznj948RGyF9x91v%2F%2F%2Fw%3D%3DstmR28p3gFqUpJzVzHG9vrH67V2%2FfXizMUK98ovSFCwRvL12W5aYi%2FTl6p%2B3d7gt2tTVHNOSBoVNB9VBCI7CRfkTCP9ce%2BlEhc6%2FRQU9KwscEThkX4alVfq%2BFreSWdF5Vg7fW9ROM4TLGOnWNrhGrVoufwxUZovCFO5DySrMpCdzQ3ow1cq9MYtVhGGI03C47arTUUsVUBykMxAKnJMX8X0xZx2oP3e%2FHWSpBy7fGft%2FqtBgXgiC3oWDLNBAukKsmWDuAJuqZbGlx0juudI9chT9rXyqENDUD8omnd%2BAEOivf3Vb8LXDlJWzaxi1N0VJ6xMCQiUmuKAiq8m2BPdY4xfNwKXsD0BEXNeNOai05FS7UbSAZbk5ye2Q4Iio5PfwOnPmliObcqUDwS6sNvo2WdvUcI24hytepQj0Un2tcg%2FD6btkZHdGgIwF6Y1iymW03SilEQAm4%2BNPMKKokdOrxCZpqHbF9a6f31kH88DJCgb28ijUeaWjbXCHdhkQSSf1sSgy7qjxxrJXpof8A%2F4ELIkmRWC7Q2EDpL8AZDCS1475KC%2BJFEn0lxL3SDqXTmrqfq%2B1QG9%2BhKxA%2B8QzplZRlOikZGv6pMOATwQIltKN4xdkev8QpN9oWu2Cf%2BcgNz8QxhWw3%2BIByOa0jCVNQVnCDoA%3D%3D&nvMid=23077020632&catId=50001986
헤어드라이어,navershoppinglist,"리뷰,등록일 2019.11.",,1,,,"19,800원",플라이코 FH6232KR,2019-11-,https://cr.shopping.naver.com/adcr.nhn?x=gp8PRcz8MiZ5nAvvIgIcI%2F%2F%2F%2Fw%3D%3DsR0CWRWaiRC3P1EirSZVLCk%2FCFHmLcIpxnsN%2BuJSesVZvL12W5aYi%2FTl6p%2B3d7gt2WZ6Etrn3sIiFXifEq%2Fizd96%2BdGC4r5IrtA3uypG05zAEThkX4alVfq%2BFreSWdF5Vg7fW9ROM4TLGOnWNrhGrVtyGaSr%2B0dRu37W7MMIB4NGtrk2YZNI7XPUxwzPc48d9mgXdPaip9zehn8GnNDvG2UkNI2jw%2FE4d%2Ft4RQwNBVe%2B%2B1%2BcS7BexUongQrXV8z0c%2FLKc3OGGtGoebD6lZ4I44ISv2w0Yv0stZD6LKftbf55bUf73NilrRL4RDYk4DmFeq3btKVxhUpidTfV6BgzPrJl5ZvLlNP%2B%2FvAE%2FR15kJfy9835OhANBmT1EtNrHhr2FCt5YK%2FmGsUxO25%2F2s6FZQcOmY27ZGze0Q%2BtXRlM4OxtarJoVrbEtunAYIkKGowOqaTFHRJBSmw0MhpE3jzV9mCEhb%2B5%2BbgCLWD5ufmjwVaC0c1bmOP2u2YumOF3Sc7ORkMBZfUPQW6yzNeJLLB4nSaAhfbmRc6T9Q91MqoVII6rfyuGIpGa8MUzZDlCFTyXM7e2Ml84tGN%2FOlvHgk0HNTVJBUVrEn0PyX96TEe9MOdZCjecTBHM2Pwcm%2FsXO%2BElNjr%2Fvhuz%2FM2bOeEg7k3nONQTtf5JX1teAE3ez3DNT%2FvChi8cWZssVHVvIWzdpyNP5aGimR4pR27mrh1IoDTOSgA%3D%3D&nvMid=21335288938&catId=50001986
헤어드라이어,navershoppinglist,"리뷰,등록일 2015.04.",,1,,,"56,000원",JMW MA6001A,2015-04-,https://cr.shopping.naver.com/adcr.nhn?x=857cFU%2F1lt8RbPM0DJxgev%2F%2F%2Fw%3D%3DsFuopSWZJyU70wga7eVMJIpY9y6%2FMJDvW9YSz7bviuBVvL12W5aYi%2FTl6p%2B3d7gt2CftBom77uJOHqpnBcD8JppCJc%2BHoXCNfL29ZC5zGPCXFN9quVH257SyplVir6F%2Bo6BkeiS%2BuzckaUExZsnDeCEbAoeRkvpJaJBMwPydFbM8QhkkHXK4%2FmSRy5icYE%2F27uO7MSo%2Bn4h3n3xPlK3CfSzeW33mCqQXGJJlMEh6NwH7PXziO4IXcbXWjZuziM%2BGb%2FLKc3OGGtGoebD6lZ4I44ISv2w0Yv0stZD6LKftbf55bUf73NilrRL4RDYk4DmFeq3btKVxhUpidTfV6BgzPrJl5ZvLlNP%2B%2FvAE%2FR15kJfy9835OhANBmT1EtNrHhr2FCt5YK%2FmGsUxO25%2F2s6FZQcOmY27ZGze0Q%2BtXRlM4OxtarJoVrbEtunAYIkKGowOq%2FA81kZUuTkO26XbfAC2C9D1nRJ4yoQ1ByXgZXYF4asXDSiBlT0VC%2FXD5nhDOMR0xLzuEdNjO1BBpkJBLSsKrDqAhfbmRc6T9Q91MqoVII6rtHg5Hrz8GFM5u9jEPCxFoo64ifB9DVeZ8ffla9GlFdlwRkKauB4yLfVvXx2dJWoRzEkElG0qZ%2FNDdmQtKFdaJv4YGjJCSIW1IvBxXT1wG99kJl7PupcblftxQLta%2BGQmiyJmwSO13pMWfc9tdLqxyhWw3%2BIByOa0jCVNQVnCDoA%3D%3D&nvMid=8440047756&catId=50001986
헤어드라이어,navershoppinglist,"리뷰,등록일 2016.04.",,1,,,"20,540원",필립스 HP8246/09,2016-04-,https://cr.shopping.naver.com/adcr.nhn?x=exyPI89icba0TezcbvF8Z%2F%2F%2F%2Fw%3D%3Dsklzkoa568IwYyZop%2FedtDAn6PJmLJv7A2dgSzEVm59El8rTNO1gxruY7M76wIGLhjLcRD%2BUYAhfv528M6G2kccal1DQ%2Fxnd1FTDPdDU1D6sCwAPCXtBTm62QaunVVWfYK3zZP2Hsg2df3S73GTH0QR4pza8ebIOIXPrPsGGS95ek6v2w9jBqMGR4TTsgYaQndcHiDvfmIfewwVpYVEEhc%2FLV%2FMdrNki6lJ3e%2B8IwFvTVIAX%2BYnKUO14%2BwWKQGkjV4w3YGXPp5%2BG%2B%2FkhF3csw5SE7GNHOUpyrRbE0LPcJeU9s79QklgdNfMhSkSBfj1NEIKPGkySbuG7s%2B2jfSN%2BI%2BnkJd7LE9vH8i0SAgL5Qe90ZgWsINpeDCpmS9GLtZegZqLXXFP1g4cJYdn8KoRSFOUPg%2F6PYJW9LpCSumzPJoigK7CtQzZWLlur1%2FFge4%2BEp45FZqZkAxl9%2BD%2BbSpd2vIEB3ZG67FJ0%2BPbc9z57yZqh8TWl3fDmGnMoiMSLy0CEtyp2FZq9cU0f9ya8wwYDluHornTeMFMWI76yU7BvGjg5YQDVPxWAuzuL2pWj6jR%2B8Z2zXFbODRynhfkX%2FGG6SjvXJe8l37nFRVWVlnvNohmXGowOdYjAEIkjtDHMcFA%2FyYnHIcETcJifOE8sb44IMxYxHiGkI3AX2X96ehNvxak0A352Om7uCYDMkQqJlKgDn5Hv1T%2FoDPeAT2ZD%2BWCfnsQ%3D%3D&nvMid=9712243497&catId=50001986
헤어드라이어,navershoppinglist,"리뷰,등록일 2019.12.",,1,,,"138,000원",JMW 에어센스 MS7001A,2019-12-,https://cr.shopping.naver.com/adcr.nhn?x=7FzYsyGqPAmkqgiDoopLpf%2F%2F%2Fw%3D%3Ds8uOoStnzB%2Ficyo%2FSRHia9Nxurxdd2ElEH1MkEr2yCBL%2Fc2njgC%2BB5uuVt6Z%2Bie6MorcK4lXT8MhZHUYezjJZZBPNnh9oWDv1QqbA5tfn8mLQeB%2BbOKgVXn8ddtJM%2BJ%2BQDsQ%2FAxOmst%2Ft64NdgKSzAWedW%2BMyCIcyNsWGbi%2FX%2FUA%2Fa18qhDQ1A%2FKJp3fgBDorJDuXZdQuo4LCHwzw3HG6PAo6ZcBSw3p8ZPp0PGF3KEcPfBY36sQAckcmnoz3GEIQy8Iy9JjzSmyJr9GHVomFkmBV19Br2q09CTezdT%2FzPTPGg%2BKvOddnLbawR0wnSz8KwHFFPHsFZ%2FqEncckirYW50jRDh4v5cdD1nBO7DtmoazJEkwOxZwRU4OWNwxtILPiNSurl%2B5IkB9Q%2FpJAaBKL%2Bci30QtKP1mA7BYZPpxeJLc1QmeK3ZPITzKHcbEnR%2BI8%2BO9%2FiBOj4UzkY8JWX6u8nyl%2FSD2kEanodnQXtFt7v5NXfqiCwBtPYYwEdSt6i2JAV%2FoHVdTn6i%2BxSgowGbr0g4SQq4PchIIX8w9XtqZYODoEc05LTibBt%2FawtKKLwCqnOFJYVOHU3Yet7Mcj3Wyc4%2B5SuixqfGc1e7PXjXna7RyW4DG521Y77clXd3SJCtlDi0VmQwETMGc%2BQsOT1pKTCmJxyHBE3CYnzhPLG%2BOCDMX0yg%2FrbjhadDTKzdGGVUwqGFoUyNBomwmiRUhYLKjZleR79U%2F6Az3gE9mQ%2Flgn57E%3D&nvMid=21478679065&catId=50001986
헤어드라이어,navershoppinglist,"리뷰,등록일 2017.02.",,1,,,"22,530원",유닉스 UN-B1611,2017-02-,https://cr.shopping.naver.com/adcr.nhn?x=OEO0Hz7qj%2BHvVbPs1q%2Fit%2F%2F%2F%2Fw%3D%3DsZTZ4SU4riIOzTea9qm2qG22KFC%2BPHMv7YqrmamY9A58l8rTNO1gxruY7M76wIGLhtFJv7HWLAse7QxbDOU3PmGkaF5makj3ieUHa39kHpoXIgyzZp3pM9dZ6pX%2FhjYaf%2FUnrlDer0j7KNLD5ieV6VEls1M9xucXxkPPt7QTmSRFr6kdrp7BvT8OlwZ7P37YytWL5Ea0XbCuEY8Khhs43VLHTOwyCCGM8lDK90ib2X0Ij8Y8xAUBQrKKSiY44ZHzp4w3YGXPp5%2BG%2B%2FkhF3csw5SE7GNHOUpyrRbE0LPcJeU9s79QklgdNfMhSkSBfj1NEIKPGkySbuG7s%2B2jfSN%2BI%2BnkJd7LE9vH8i0SAgL5Qe90ZgWsINpeDCpmS9GLtZegZqLXXFP1g4cJYdn8KoRSFOUPg%2F6PYJW9LpCSumzPJoigK7CtQzZWLlur1%2FFge4%2BEptsWD%2FjLTEPrOQEhe%2Fptz7l1f49eVPm8lEyN2MOIBbjKrWj1QN8V49N7UPvzg02gYCFvUgWCNVIgVsz2RSj%2FRfHzEWKIeSL8gCGko0muIXATRvT59VsXe3VVuakFVfBb6bNGdcid6k9QV%2F%2BBH5vnLxyQJAEZva4wmA%2BKu%2BirQ%2BYk2e1%2BDlXo5Y0vqoWkvBlc1YnHIcETcJifOE8sb44IMxVoNjfIOGCmPsF2LRLJR937HQ2HpTkdE%2Fo%2Bp5Qfxccz05Hv1T%2FoDPeAT2ZD%2BWCfnsQ%3D%3D&nvMid=11074216861&catId=50001986
헤어드라이어,navershoppinglist,"리뷰,등록일 2018.03.",,1,,,"49,800원",한일전자 파테크 하이퍼소닉 BLDC-G1,2018-03-,https://cr.shopping.naver.com/adcr.nhn?x=vKzCHBL8kqlZ%2BJI1i27XNv%2F%2F%2Fw%3D%3DsrQnHmalBaSmwfJP6ozq8LnO4c6oAxeDxfkGRxma5k0El8rTNO1gxruY7M76wIGLhFrx43eOdMJLvJ%2Fy5QTh04KYf0BhdBpvYdDwzQAAn%2B1jIgyzZp3pM9dZ6pX%2FhjYaf%2FUnrlDer0j7KNLD5ieV6VEls1M9xucXxkPPt7QTmSRFr6kdrp7BvT8OlwZ7P37YytWL5Ea0XbCuEY8Khhs43VGf2xmIiUaBagLJIadK4t15dB0TtZ2v1zvUmlz4PxZw64w3YGXPp5%2BG%2B%2FkhF3csw5SE7GNHOUpyrRbE0LPcJeU9s79QklgdNfMhSkSBfj1NEIKPGkySbuG7s%2B2jfSN%2BI%2BnkJd7LE9vH8i0SAgL5Qe90ZgWsINpeDCpmS9GLtZegZqLXXFP1g4cJYdn8KoRSFOUPg%2F6PYJW9LpCSumzPJoigK7CtQzZWLlur1%2FFge4%2BEpQltuZC5%2FJcroDIW4UgHjWKz4Lv3Fd148nhhi5p8xnW%2BrWj1QN8V49N7UPvzg02gYOHORWBeVXkBeNMTiPTUZLgZUmNA4gxLTebXdgCfMUNAFRmVL6GcY9YR9zuiDGubPIj7rDOsapjNxnjsmwMfAJq%2FegbcdcwAJSuFDGCkpP7sTnKp9Sf5NDuyK4K%2BHdAR7U4hgc8r8Aoyz%2F%2FZvR1WgABGk4XMJtozo5T3u6g%2BJ%2BOvC0kR1xBPK8IlO7wefxzwgDm5pV1Er3QvtPZILomUy58cgIRCk8vtGb7Z%2FKGMSEdE%3D&nvMid=13800579536&catId=50001986
헤어드라이어,navershoppinglist,"리뷰,등록일 2013.12.",,1,,,"24,800원",바비리스 6630K,2013-12-,https://cr.shopping.naver.com/adcr.nhn?x=7wW23aphy7AdY7v%2F1aA8kv%2F%2F%2Fw%3D%3Dsfy%2BL39scXwHR25FOQNkEXDuIdN2SqC%2F3ophQDxMiL2FvL12W5aYi%2FTl6p%2B3d7gt2MmJ2d7s6R3FhKLBaxE3sAoyukC5Dhy%2B0px2auq%2B7rUPFN9quVH257SyplVir6F%2Bo6BkeiS%2BuzckaUExZsnDeCEbAoeRkvpJaJBMwPydFbM8QhkkHXK4%2FmSRy5icYE%2F27uO7MSo%2Bn4h3n3xPlK3CfS%2ByPcJkC3bHtgYkjvK3ayip0DDsKyuOlx51GJqNZ3JxE%2FLKc3OGGtGoebD6lZ4I44ISv2w0Yv0stZD6LKftbf55bUf73NilrRL4RDYk4DmFeq3btKVxhUpidTfV6BgzPrJl5ZvLlNP%2B%2FvAE%2FR15kJfy9835OhANBmT1EtNrHhr2FCt5YK%2FmGsUxO25%2F2s6FZQcOmY27ZGze0Q%2BtXRlM4OxtarJoVrbEtunAYIkKGowOq%2BT5tpvehaNqEKLeq%2FMIDdj1nRJ4yoQ1ByXgZXYF4asXDSiBlT0VC%2FXD5nhDOMR0xpVcE%2FxtgnqB%2BJtfzJN%2Bz0aAhfbmRc6T9Q91MqoVII6rVJ383kE8zCeTQUd5iuvapuwP9L0j7YvHB2OKNn2rLcCeHjcatDXyIvfOeWp8G0fCyDHEvsTQpkp%2FGnUFHzbH5rp3cv8a0rPukeMvdFNfx7GX0jp2FYJTvMAJs2XkrglbSs1OZruV6tGmLkNCWA0DkgqgOvq6z5EpEI5N2xav1Mg%3D%3D&nvMid=7373982446&catId=50001986
헤어드라이어,navershoppinglist,"리뷰,등록일 2016.11.",,1,,,"14,890원",유닉스 UN-2895A,2016-11-,https://cr.shopping.naver.com/adcr.nhn?x=OHRiPQHJBm0P5uED6q%2BnO%2F%2F%2F%2Fw%3D%3Ds1cv38MVVykqwkEjvqZqePccK%2B25Kvdq3TPnWMvdyOtD%2Fc2njgC%2BB5uuVt6Z%2Bie6MIk31wpZMDa6EXeC8UxyVe2zgMOjaxTZWDALq0%2FJJXeTQeB%2BbOKgVXn8ddtJM%2BJ%2BQDsQ%2FAxOmst%2Ft64NdgKSzAWedW%2BMyCIcyNsWGbi%2FX%2FUA%2Fa18qhDQ1A%2FKJp3fgBDorJDuXZdQuo4LCHwzw3HG6PG6Wxc8LxSwLmhira5OYda6xd4dSx3TAChlUO09Z%2FAe%2By8Iy9JjzSmyJr9GHVomFkmBV19Br2q09CTezdT%2FzPTPGg%2BKvOddnLbawR0wnSz8KwHFFPHsFZ%2FqEncckirYW50jRDh4v5cdD1nBO7DtmoazJEkwOxZwRU4OWNwxtILPiNSurl%2B5IkB9Q%2FpJAaBKL%2Bci30QtKP1mA7BYZPpxeJLc1QmeK3ZPITzKHcbEnR%2BI8o5jW%2BMzrDh4eIM9wj%2FJ1OHcwVV335R7Rm%2FFvpsZfVphXfqiCwBtPYYwEdSt6i2JAr%2BgfVxypu3RifryH9yUKcbccTgzdd7bSkZIpv23leR92vpRjJlC4Jvk6ZEnIm%2BkAdWURszPAB6RhtM75BLfVYtW%2FCMSxHXP1whlP8CRDjeK3t8h9sVPQdt4qdmqKoaBTramjBwCZI9AwCV4mCTWQmZ2mih6V0ujL%2BFt34cFmhQpLhJa3tnA25URQyCRoK26CA35CyMrpXQUt3%2FJvHupy5s1ITc7NlRPvorKrNyQBKaY%3D&nvMid=10650255595&catId=50001986
헤어드라이어,navershoppinglist,"리뷰,등록일 2017.08.",,1,,,"87,000원",JMW 팬텀 프라임 MS6003C,2017-08-,https://cr.shopping.naver.com/adcr.nhn?x=8feU4PJbqssiFsB8uiL2S%2F%2F%2F%2Fw%3D%3DsAK1jel3Orib2r7qFzXovna9vz7nvv3tk0ShSc6G5RN4l8rTNO1gxruY7M76wIGLhX4r2gba2FAnkAf%2FwcGmSfq%2B7hu0OBk0jV%2BpLgsDCCALIgyzZp3pM9dZ6pX%2FhjYaf%2FUnrlDer0j7KNLD5ieV6VEls1M9xucXxkPPt7QTmSRFr6kdrp7BvT8OlwZ7P37YytWL5Ea0XbCuEY8Khhs43VPHAMcGkqqVT8HU%2BB62yEDGjglZCl029kT4vekVVl%2FV24w3YGXPp5%2BG%2B%2FkhF3csw5SE7GNHOUpyrRbE0LPcJeU9s79QklgdNfMhSkSBfj1NEIKPGkySbuG7s%2B2jfSN%2BI%2BnkJd7LE9vH8i0SAgL5Qe90ZgWsINpeDCpmS9GLtZegZqLXXFP1g4cJYdn8KoRSFOUPg%2F6PYJW9LpCSumzPJoigK7CtQzZWLlur1%2FFge4%2BEpXLBHaqNDrv3pTqOpMs5%2Fgi22bW0WWZwDp96Ua1WTqPGrWj1QN8V49N7UPvzg02gY0aA46nPygvXMOVp3b7OU5HornTeMFMWI76yU7BvGjg7t1SQBYtI4N8%2BdlHP2SDMGsGHjrRoF9%2B7NOyc7531ebQ2%2F5%2F6Put6pt7bGyCOwYkkaRnAq0fDDgsSRaeY6LOQFF8DF4q4syOVAAwLYzG%2BPxGJxyHBE3CYnzhPLG%2BOCDMWJWbRD35xBbQwcokPUCrynPqV%2BOm%2FPS9kcKueg2EE7xuR79U%2F6Az3gE9mQ%2Flgn57E%3D&nvMid=11995316937&catId=50001986
헤어드라이어,navershoppinglist,"리뷰,등록일 2018.03.",,1,,,"208,800원",유닉스 에어샷 UN-A1741,2018-03-,https://cr.shopping.naver.com/adcr.nhn?x=q66S%2BcHT%2BS63HEaSi%2Fw%2B3%2F%2F%2F%2Fw%3D%3DsqrjCRtEq9PvKe9tsuQrmhOVZqgVOe9cuZeu%2BVGDj%2B3xvL12W5aYi%2FTl6p%2B3d7gt27o3PFA%2F7A2SFU%2F3UgTzoJJboIan0GWkMbIxxELCP4ygEThkX4alVfq%2BFreSWdF5Vg7fW9ROM4TLGOnWNrhGrVtyGaSr%2B0dRu37W7MMIB4NGtrk2YZNI7XPUxwzPc48d9mgXdPaip9zehn8GnNDvG2e6N0m7sjVezIAEk%2F%2B4ZPH1x7GseBeKMQXrPDAy4cMG3%2FLKc3OGGtGoebD6lZ4I44ISv2w0Yv0stZD6LKftbf55bUf73NilrRL4RDYk4DmFeq3btKVxhUpidTfV6BgzPrJl5ZvLlNP%2B%2FvAE%2FR15kJfy9835OhANBmT1EtNrHhr2FCt5YK%2FmGsUxO25%2F2s6FZQcOmY27ZGze0Q%2BtXRlM4OxtarJoVrbEtunAYIkKGowOqdTNgeoXnZM01wJyn%2BTGRGCEhb%2B5%2BbgCLWD5ufmjwVaC0c1bmOP2u2YumOF3Sc7ORqx7X%2FkvBY1yjrLQ%2B8HE8baAhfbmRc6T9Q91MqoVII6pG9O5%2FvFmn2zwZrkNpq0cpERpaZctTJXAaC4Am6n2eQcIH8wvmlkM0ONC2tqd4sYMK16Bup3PDmZJkPQ9cMhCcEs8cFUTVf2EXpmSuc9bAhAnKL6j1a7%2F5ms72%2F%2FMK9DjzACswNa7f2KAXTUWXjrS1zY6of2Xpggjm6A4Z8HgJhg%3D%3D&nvMid=13889593552&catId=50001986
헤어드라이어,navershoppinglist,"리뷰,등록일 2017.06.",,1,,,"47,080원",유닉스 UN-1880S,2017-06-,https://cr.shopping.naver.com/adcr.nhn?x=4c3idv9MmBScjtwmw2r7G%2F%2F%2F%2Fw%3D%3DsHQNpvrsgZ5YK%2BGxsCvCBcDi47AposLA6pHeHPpjtDR0l8rTNO1gxruY7M76wIGLhZ6sg43NZxQmQJOO7GEA4ThPFdvz5XMfAdrKi2bJkma3IgyzZp3pM9dZ6pX%2FhjYaf%2FUnrlDer0j7KNLD5ieV6VEls1M9xucXxkPPt7QTmSRFr6kdrp7BvT8OlwZ7P37YytWL5Ea0XbCuEY8Khhs43VAdA4yv0Qmql0tZsv9TcgjbV%2FvVrsStvsYB3XnZ16UUN4w3YGXPp5%2BG%2B%2FkhF3csw5SE7GNHOUpyrRbE0LPcJeU9s79QklgdNfMhSkSBfj1NEIKPGkySbuG7s%2B2jfSN%2BI%2BnkJd7LE9vH8i0SAgL5Qe90ZgWsINpeDCpmS9GLtZegZqLXXFP1g4cJYdn8KoRSFOUPg%2F6PYJW9LpCSumzPJoigK7CtQzZWLlur1%2FFge4%2BEpRZZfR7j9MwGr%2BwwfRLjAkau%2FnOGlfOi%2FjRs2WYmgtW%2BrWj1QN8V49N7UPvzg02gYoLqA%2FkKb1QQ%2FdCo3F%2FuCHN1woZLwre%2F0c6LfC8XQvOYzEbmyD4Bo3Gk2gmdKIIEGO3SaCfgG5SrKCVWQwOmKBVlKEJnFjNsfkaFLBO7XUXHFGwz7wPSVRz3o5BQRlhdOYnHIcETcJifOE8sb44IMxTxSXXTfTRo%2B0cJk5zf9CZ76TXBIFfzbe2%2BzFGea%2BH6N5Hv1T%2FoDPeAT2ZD%2BWCfnsQ%3D%3D&nvMid=11780864778&catId=50001986
헤어드라이어,navershoppinglist,"리뷰,등록일 2018.10.",,1,,,"29,870원",테팔 HV6076,2018-10-,https://cr.shopping.naver.com/adcr.nhn?x=b3rkpK1zjjnbD2%2FvDUz04P%2F%2F%2Fw%3D%3DsL23ETPsuI%2F9V8V5zEfPmtsDr8fPy%2BR67xtHJCjVGgINvL12W5aYi%2FTl6p%2B3d7gt278c3ZKpuaC7HDL6dtAG2KpVF0Sfus2DuXCChijrfm%2FsEThkX4alVfq%2BFreSWdF5Vg7fW9ROM4TLGOnWNrhGrVtyGaSr%2B0dRu37W7MMIB4NGtrk2YZNI7XPUxwzPc48d9mgXdPaip9zehn8GnNDvG2UwLqop9CAHthmo%2BlLC2NR4WJk0ARPpLKq%2BtDpQW1lHX%2FLKc3OGGtGoebD6lZ4I44ISv2w0Yv0stZD6LKftbf55bUf73NilrRL4RDYk4DmFeq3btKVxhUpidTfV6BgzPrJl5ZvLlNP%2B%2FvAE%2FR15kJfy9835OhANBmT1EtNrHhr2FCt5YK%2FmGsUxO25%2F2s6FZQcOmY27ZGze0Q%2BtXRlM4OxtarJoVrbEtunAYIkKGowOqBPz18xQ8oDtxfQtKYdFCdiEhb%2B5%2BbgCLWD5ufmjwVaC0c1bmOP2u2YumOF3Sc7ORpfjChYeqEovvIayiMSM8dqAhfbmRc6T9Q91MqoVII6q1SEY5yicsBeeqyjLL3IYY8jR8gVF8FlQ9pItE8Zzc8soM6KohwaHIoN8y8iTbNoRetlXAL4khF1npHk2avXzSv4YGjJCSIW1IvBxXT1wG95sEpAtc%2FJUSwAIh7w6z9KQYWs5%2B39ptg2yOtHtI2UnrhWw3%2BIByOa0jCVNQVnCDoA%3D%3D&nvMid=15798262717&catId=50001986
헤어드라이어,navershoppinglist,"리뷰,등록일 2005.04.",,1,,,"23,000원",예스뷰티 YB-1390,2005-04-,https://cr.shopping.naver.com/adcr.nhn?x=PJLoZ31WIMGg5n28ry4bcv%2F%2F%2Fw%3D%3DsgeVS0DMjqLVeyBQfK9M7MGA6oNB26%2B1Um%2BlA0GS1ApRvL12W5aYi%2FTl6p%2B3d7gt2z6giQlKtU1cLYA5rWEFAWCKw6bzkoYL5Fkr5HTt%2BMyPFN9quVH257SyplVir6F%2Bo6BkeiS%2BuzckaUExZsnDeCEbAoeRkvpJaJBMwPydFbM8QhkkHXK4%2FmSRy5icYE%2F27uO7MSo%2Bn4h3n3xPlK3CfS4DKlWrD7DhHAYMfiWU6OIom4BRm9i8P5lrIYrH7G5zl%2FLKc3OGGtGoebD6lZ4I44ISv2w0Yv0stZD6LKftbf55bUf73NilrRL4RDYk4DmFeq3btKVxhUpidTfV6BgzPrJl5ZvLlNP%2B%2FvAE%2FR15kJfy9835OhANBmT1EtNrHhr2FCt5YK%2FmGsUxO25%2F2s6FZQcOmY27ZGze0Q%2BtXRlM4OxtarJoVrbEtunAYIkKGowOqdbknog73ZPIsA0nLdFlhaj1nRJ4yoQ1ByXgZXYF4asXDSiBlT0VC%2FXD5nhDOMR0xOJgobgQHytd4duQuNpIUn6AhfbmRc6T9Q91MqoVII6q3acrA%2BZo2%2FRO2IYMhp2Zso64ifB9DVeZ8ffla9GlFdk0apDYdbMWcJOiOpFQ5OYpRscENjDETj7I0Hvnj%2FBgDv4YGjJCSIW1IvBxXT1wG9y32brnCtzXWN%2BpjODG6qp%2BiyJmwSO13pMWfc9tdLqxyhWw3%2BIByOa0jCVNQVnCDoA%3D%3D&nvMid=1000140305&catId=50001986
헤어드라이어,navershoppinglist,"리뷰,등록일 2019.05.",,1,,,"39,490원",유닉스 UN-B1643,2019-05-,https://cr.shopping.naver.com/adcr.nhn?x=FcSF%2BYpr%2BOPVJtVj%2F3rdqf%2F%2F%2Fw%3D%3DsB0lvHRJV7b6jFB%2FOeuTMgUzpq6shnRozu0DtFZ0%2BzhQl8rTNO1gxruY7M76wIGLh0YBof%2FeQBgFiXzOD6tkmaQCFcApuPr5GKbkxUDzNCnzIgyzZp3pM9dZ6pX%2FhjYaf%2FUnrlDer0j7KNLD5ieV6VEls1M9xucXxkPPt7QTmSRFr6kdrp7BvT8OlwZ7P37YytWL5Ea0XbCuEY8Khhs43VH1kh8e6frOqpxPUZNcCC51Xq0hoeJM6sJwcn4BeA2NY4w3YGXPp5%2BG%2B%2FkhF3csw5SE7GNHOUpyrRbE0LPcJeU9s79QklgdNfMhSkSBfj1NEIKPGkySbuG7s%2B2jfSN%2BI%2BnkJd7LE9vH8i0SAgL5Qe90ZgWsINpeDCpmS9GLtZegZqLXXFP1g4cJYdn8KoRSFOUPg%2F6PYJW9LpCSumzPJoigK7CtQzZWLlur1%2FFge4%2BEpD2fUSFMbGHk0ufwA%2Fi1kTf0PqpzS9bsPbua3QvdT2KOrWj1QN8V49N7UPvzg02gYKpBD2SHXSLt7YW9ko3J3pD6FURihOvVNK6%2BarovFEXbRvT59VsXe3VVuakFVfBb6b7el980qZlZe4v3uOrn%2B%2F8JlebkS6rkZHq2AywPr27rz7gryhGyFxevYfxzE4i2KYnHIcETcJifOE8sb44IMxeC0UuxljaZgqZ4YM9iRoXuglV632X82TshJRbBOFvVg5Hv1T%2FoDPeAT2ZD%2BWCfnsQ%3D%3D&nvMid=19411547273&catId=50001986
헤어드라이어,navershoppinglist,"리뷰,등록일 2017.12.",,1,,,"85,800원",JMW 에어젯 MS6010A,2017-12-,https://cr.shopping.naver.com/adcr.nhn?x=Dlla8yaUOeCRnMW2fVEQNP%2F%2F%2Fw%3D%3DsvvL8DtW677%2BuoXcd%2F%2BSZMHJsCRAFqyMo3KmshhwQ16Ql8rTNO1gxruY7M76wIGLhAcRA8tbXAWV%2B7Rb8nG4G5Y8jUF8G2Y3Ukt8iE1ZYefjIgyzZp3pM9dZ6pX%2FhjYaf%2FUnrlDer0j7KNLD5ieV6VEls1M9xucXxkPPt7QTmSRFr6kdrp7BvT8OlwZ7P37YytWL5Ea0XbCuEY8Khhs43VPbzHKP%2Bay08DP9W4PJJc9IRmbmhwX7OXJN6cPSEv0kW4w3YGXPp5%2BG%2B%2FkhF3csw5SE7GNHOUpyrRbE0LPcJeU9s79QklgdNfMhSkSBfj1NEIKPGkySbuG7s%2B2jfSN%2BI%2BnkJd7LE9vH8i0SAgL5Qe90ZgWsINpeDCpmS9GLtZegZqLXXFP1g4cJYdn8KoRSFOUPg%2F6PYJW9LpCSumzPJoigK7CtQzZWLlur1%2FFge4%2BEpJC%2BO6eKc1JPMO30in7D7NTPlEDfNB6pgrHEXJkTxuHarWj1QN8V49N7UPvzg02gYWtYEepe9L4PUplcWZKqnf3ornTeMFMWI76yU7BvGjg5FgD7RyPZCoT5q6o2c0Cq6JdnbZUbdI4JcruEw0ZRDCC3KhITorHMrTqbX4dA%2FfgLrC1sGUw7bd9P0XziItai%2FshzjlvMTfusRpiRu3hCq08rey9hZVHbNRlBYnMbUDoInGw6TOCODPUHjvR450%2F3QNPNfYkjqYft3RH5zgW%2BGRYKoDr6us%2BRKRCOTdsWr9TI%3D&nvMid=13089214947&catId=50001986
헤어드라이어,navershoppinglist,"리뷰,등록일 2011.08.",,1,,,"12,790원",유닉스 UN-A1006,2011-08-,https://cr.shopping.naver.com/adcr.nhn?x=5OlrL6Li%2FAmxxRgqzR0hRf%2F%2F%2Fw%3D%3Dshw23dlTrJ4qIdZHADH%2B3qyKH3ESnn1LLEHpKwcHMTmJvL12W5aYi%2FTl6p%2B3d7gt2pAk0%2F47OVenJkZ9GGjRIKcGbHzHEbCJ%2FWoWBic1zcg3FN9quVH257SyplVir6F%2Bo6BkeiS%2BuzckaUExZsnDeCEbAoeRkvpJaJBMwPydFbM8QhkkHXK4%2FmSRy5icYE%2F27uO7MSo%2Bn4h3n3xPlK3CfS%2BYozWXn3%2Frl1ZbBQzEMEIUWkVVnsupeAnULnC5%2FGG6D%2FLKc3OGGtGoebD6lZ4I44ISv2w0Yv0stZD6LKftbf55bUf73NilrRL4RDYk4DmFeq3btKVxhUpidTfV6BgzPrJl5ZvLlNP%2B%2FvAE%2FR15kJfy9835OhANBmT1EtNrHhr2FCt5YK%2FmGsUxO25%2F2s6FZQcOmY27ZGze0Q%2BtXRlM4OxtarJoVrbEtunAYIkKGowOqfwDaLeSs9kGtx%2FRW9swC%2Bz1nRJ4yoQ1ByXgZXYF4asXDSiBlT0VC%2FXD5nhDOMR0xcy%2BjUy6ss66YyYea6QRW6aAhfbmRc6T9Q91MqoVII6qSykXKv%2FI47g75NvC5DeshnctG9sXlfktMBVMIDdScTkb9dmoseQEd0pRG3dSZNguGAKt%2BX8TTBoxzCH1W2bHU%2BgtF15PMkmjkNDmi88yMRc7ndSEEstOzMWGWhAkA9V91gP6FEvsBOf5bRrvKAsX7y1Vhq%2FH77x9Zlr1IFzyuow%3D%3D&nvMid=5868465593&catId=50001986
헤어드라이어,navershoppinglist,"리뷰,등록일 2016.06.",,1,,,"72,000원",JMW 맥스 MF5001A,2016-06-,https://cr.shopping.naver.com/adcr.nhn?x=ejw0%2FYCf0GhvxLWxNIoM3f%2F%2F%2Fw%3D%3Dsy96DA%2FBBrR2Lgz1PgOoInfeucH7h0miWrEKVmmkATWLv90YeS5K8P98qQSxn9CuC14dyhLw%2FS1e6w531ZwT%2Frrs6OPyqSirdv2a7ha%2F4xA%2FT%2FfslEwkSspscjsk2k%2FCLBGjBGXT5K5u2UjoNRYYWZdof6jW5jHdz%2FbROY2pgmykJzNWvI%2FoGE8LlWJs4hDPmBOcNBaJNUx4kjffnQxapjG4u05l6sArtAWqvfR%2BtTBB3h6s%2B508Weriy3YaA07J9HYNvZNFAdkQJk2puHrpqFTSA6bKLJDhYT%2FoabbMC4ctIoDbbz%2B4CibP3J4oiWILAyu56XefQrEb%2BLBVg9qQIAIOXkEbwT9hxNpZMh%2Fee3CAXMcYR0LSL7RKYicilikzSg4r4C1E%2FL2IdU7KpKTQzuYBsJjzV%2F3vl5Lmd9HbkUGI%2FzdYC%2FwYAihDQzAs9Z5v9YbqpCNcRv6hpMZDqiFImEhWNAKkiTmTHiwlbaGtF%2BcqhUEZ0rbJn2Vw1Z%2Bh%2BgSgnCIUSPuicMAzrS%2BFy7n5ji5w9%2FDMX2S1ZzF2txO07wpREvkzxsMwBmLtH7WrHND1a3L2DSxBRcce0uB9t%2B6LNs9p4QYN6hLuJVL1C8fgaitfPMgrJ9lIrgU3IuIp3Es6KEaThcwm2jOjlPe7qD4n46ydBTr%2FUtL88Y%2BMEBjJHga%2BtpfZqTRP%2F9vzVnr9zZ5WlxyAhEKTy%2B0Zvtn8oYxIR0Q%3D%3D&nvMid=9921808858&catId=50001986
헤어드라이어,navershoppinglist,구매건수,,0,,,,RATE 헤어 드라이어 F600,,https://cr.shopping.naver.com/adcr.nhn?x=AuATnOunNWCmeziq1gPYkf%2F%2F%2Fw%3D%3DsvVolWBwCumioXmDB5NczRytzZ1QIy4DzdFj0juVJVxT%2Fc2njgC%2BB5uuVt6Z%2Bie6M1azC%2FE2crsReq6X1uwKDqJZrAcZ6bHc0eSm0B6eTbnDQeB%2BbOKgVXn8ddtJM%2BJ%2BQDsQ%2FAxOmst%2Ft64NdgKSzAR6K1xMDzGfmLilZhpmuoi%2FfQPr7%2B5c9tBMN9o9jq5Xzidy08UZVpuprA6gIbyN%2F5XvDTxYJm%2Bl4PnFCanhDppRGMTXVQulhkDB%2BJDjNSQg2ZTAbsae5u%2BetMbnUtIH7%2FS9Q6k48%2Ffe6hsDarihpc6yi4%2Fr0lz1oSk9AW8qzFsUvpOr9sPYwajBkeE07IGGkJ5SCPsmGKllbt0kl8XIxCXTp1Gtq075yqoajjILUWj9CvDhMANjZptKSOmeqwaF03KPfjja9Jz4UzS7XvMjuivFN8CCb%2FswRbOMi%2FrCx5U6NbJiQPiRhuZBZ%2Bx%2FVLS2Z3W0trLQf7HhQQcFTinKKIz6P4NYggNTLsa5CwS6Hd0xWiLxQG3xBdu1mShnwXKFGQY6Ykhd%2FLvVt1L%2BWw3AhzCJ8CXl251OpmWizflz2KEWco8KHupYGdlBlmbIBGD4y1dVWhFbdQ%2FfWliKXEzrXfGRB0CIl3BeKsFF2drF%2B%2BsFv&nvMid=23014747202&catId=50001986
헤어드라이어,navershoppinglist,"리뷰,구매건수,등록일 2019.07.",,1,,,"65,000원",항공모터 미용실 전문가용 업소용 가벼운 가성비 냉풍 헤어 드라이기 추천 초강력 강풍,2019-07-,"https://cr.shopping.naver.com/adcr.nhn?x=zDvyUWpbU4P8soWyfYRazf%2F%2F%2Fw%3D%3DscculMLzb1uWUNFRyYPHpssqf3t%2BYHJJ%2Fc7G1x1cfW8tvL12W5aYi%2FTl6p%2B3d7gt2%2F8eKj8KTf9WnUGLHQ6xA3jdhNR4NLAFd9Q%2B1e3aqocEEThkX4alVfq%2BFreSWdF5Vg7fW9ROM4TLGOnWNrhGrVicX2AUq8VPh3PK%2Fo8l8aTkQ30gwb0ZAWnfX3Zzr1ayRmFifX%2FpZmZVNtXXMivEh3VEVt2LvSnHB4ZMSkeyGUz%2B7arw0iQtoBBCfj11xpgYMVV3pn6Znl%2B9MAtsEE%2BZ8ouacYsA2T1ONC2M4R1%2F3Eb%2BzMVoi80hRVS%2BBU%2FuEjfintaUJIfl5J1LD9mfqfbH897RzVuY4%2Fa7Zi6Y4XdJzs5Hz4vJTU%2F5iThMVT2XBgR4UdjLutbeA2mDcxXgbK7%2BpO3T9RTGzu4I81b%2FblJ4N1cUMv7ShZYUW%2F0xXo%2FGz5NmmhBMPIhHqQXOPQE3N4Hngt2gqZOYdqxl06shNVCm8i3mBkS%2FBwRJ102wKN%2B%2BMoS5hUUhVskDUY4aG5LlsazhXJk%2FUPYwc%2BBl7BZgpasM9Ix16R6T62CrE6bNnfJ5tFlRq4EV0s8OIg3nFVHv5KLg1wEfq4KqUBiqJlcE4bcDZaAs8AflY6d%2Buc%2BmY8a%2BEe53b4fjKRISwnDLX7iye%2BdBZXlCn9DiU6dvGG%2FpYNqFbGHxXc50eBITwugSNPH3Ok09sVpGw61BSdoQRvEGgfFlc5w%3D%3D&nvMid=82126224526&catId=50001986,https://cr.shopping.naver.com/adcr.nhn?x=zDvyUWpbU4P8soWyfYRazf%2F%2F%2Fw%3D%3DscculMLzb1uWUNFRyYPHpssqf3t%2BYHJJ%2Fc7G1x1cfW8tvL12W5aYi%2FTl6p%2B3d7gt2%2F8eKj8KTf9WnUGLHQ6xA3jdhNR4NLAFd9Q%2B1e3aqocEEThkX4alVfq%2BFreSWdF5Vg7fW9ROM4TLGOnWNrhGrVicX2AUq8VPh3PK%2Fo8l8aTkQ30gwb0ZAWnfX3Zzr1ayRmFifX%2FpZmZVNtXXMivEh3VEVt2LvSnHB4ZMSkeyGUz%2B7arw0iQtoBBCfj11xpgYMVV3pn6Znl%2B9MAtsEE%2BZ8ouacYsA2T1ONC2M4R1%2F3Eb%2BzMVoi80hRVS%2BBU%2FuEjfintaUJIfl5J1LD9mfqfbH897RzVuY4%2Fa7Zi6Y4XdJzs5Hz4vJTU%2F5iThMVT2XBgR4UdjLutbeA2mDcxXgbK7%2BpO3T9RTGzu4I81b%2FblJ4N1cUMv7ShZYUW%2F0xXo%2FGz5NmmhBMPIhHqQXOPQE3N4Hngt2gqZOYdqxl06shNVCm8i3mBkS%2FBwRJ102wKN%2B%2BMoS5hUUhVskDUY4aG5LlsazhXJk%2FUPYwc%2BBl7BZgpasM9Ix16R6T62CrE6bNnfJ5tFlRq4EV0s8OIg3nFVHv5KLg1wEfq4KqUBiqJlcE4bcDZaAs8AflY6d%2Buc%2BmY8a%2BEe53b4fjKRISwnDLX7iye%2BdBZXlCn9DiU6dvGG%2FpYNqFbGHxXc50eBITwugSNPH3Ok09sVpGw61BSdoQRvEGgfFlc5w%3D%3D&nvMid=82126224526&catId=50001986,#"
헤어드라이어,navershoppinglist,구매건수,,0,,,,플라이코 FH6232KR 접이식 2000W 헤어드라이기,,https://cr.shopping.naver.com/adcr.nhn?x=csYhmQtuVC%2FxewC2UjdTvP%2F%2F%2Fw%3D%3DsVI6lmcTMMlq917vxnIhVKdNqaPz%2FvLcjByslByatrJkl8rTNO1gxruY7M76wIGLhEco1z4fDl%2BNqNu%2Fn%2FUPw39Ktl%2F%2FWSdePy8tTgDrbvm%2FIgyzZp3pM9dZ6pX%2FhjYaf%2FUnrlDer0j7KNLD5ieV6VDbBT7B7nCyh0YuWNuRmhiBdk%2Bkk0MvX2rncHJ0KQdGBtTNnob1F%2FTaQBuvBKypM05lDfc1O4MUSRocmc8XuAQDqQMPK0hCZmuyjEqXVS%2B2pwgsluUrE8LVkceULAT236oZnlrSZr8PDPdBCvs8uWtclXTdy6Sn%2F2yromYu89VyUFPj4IeVF0AW4z86Y%2Bh3%2FJmZPehOBsCD%2FA4mo2UCI6EJeOegihcub1sL%2BS%2FjApFR%2B70wZHC2BslwSwkNOZDWI5AnjyIVnIxAIW%2FOOe%2BixzEkC%2FFntXPapoI0Vw%2BuFbW1PIxpiKsLWCiSRbPj41lnIpoNOyp5kIr%2BwfHI64U%2B6%2BdVNSq8ammuN45qjH5tEkIukxI0CNHEoJ88s28EDrBGeTHi59Ydv6h8AZvXE9Zf%2B3ITOkzT5LB0McRgapzqJ2pXH2s6BUr1a1Y%2FJANMeHa5vBMgbi%2B6B9HZ4kaN8KpDkZSvHICEQpPL7Rm%2B2fyhjEhHR&nvMid=21465789062&catId=50001986
